Sl_No,Restaurant_Name,Restaurant_Number,Restaurant_Address,City,State,ZipCode,TripAdvisor_Rating,TripAdvisor_Rating_Count,Foursquare_Rating
1,Harand USA,(310) 473-8990,11769 Santa Monica Blvd,Los Angeles,CA,90025,NA,NA,NA
2,Pastina Restaurant,(310) 441-4655,2260 Westwood Blvd,Los Angeles,CA,90064,4.5,54,6.8
3,Vinoteque,(310) 860-6060,7469 Melrose Ave,Los Angeles,CA,90046,NA,NA,NA
4,Don Chuy's Restaurant,(310) 398-9606,11707 Washington Pl,Los Angeles,CA,90066,NA,NA,NA
5,Veggie Grill,(323) 822-7575,8000 W Sunset Blvd,Los Angeles,CA,90046,4.5,214,8.25
6,"The Stand ""American Classics Redefined""",(310) 785-0400,2000 Avenue Of The Stars,Los Angeles,CA,90067,4.5,12,6.32
7,Corner Bakery Cafe,(310) 824-1314,1019 Westwood Blvd,Los Angeles,CA,90024,4.0,56,7.07
8,Atlacatl Restaurant,(323) 663-1404,301 N Berendo St,Los Angeles,CA,90004,4.0,19,7.91
9,Santino's Restaurant,(323) 464-8260,1253 Vine St Ste 9,Los Angeles,CA,90038,NA,NA,NA
10,Renaissance Restaurant,(323) 960-3100,5930 Franklin Ave,Los Angeles,CA,90028,NA,NA,NA
11,The Good Pizza,(310) 215-1883,7929 Emerson Ave,Los Angeles,CA,90045,4.0,6,NA
12,Headlines Diner & Press Club,(310) 208-2424,10922 Kinross Ave,Los Angeles,CA,90024,4.5,20,NA
13,Bel Air Bar & Grill,(310) 440-5544,612 N Sepulveda Blvd,Los Angeles,CA,90049,NA,NA,NA
14,El Salsabor Restaurant,(323) 266-1400,522 S Lorena St,Los Angeles,CA,90063,4.0,2,NA
15,The Confection Co-op,(323) 467-1080,1200 N Highland Ave,Los Angeles,CA,90038,NA,NA,NA
16,El Asador Restaurant,(213) 387-8220,1225 Venice Blvd,Los Angeles,CA,90006,NA,NA,NA
17,Upstairs 2,(310) 231-0316,2311 Cotner Ave,Los Angeles,CA,90064,NA,NA,7.43
18,Sansui Restaurant,(323) 660-3868,2040 Hillhurst Ave,Los Angeles,CA,90027,NA,NA,NA
19,The Hart and the Hunter,(323) 424-3055,7950 Melrose Ave,Los Angeles,CA,90046,4.0,68,NA
20,Fuddruckers,(310) 277-7756,10250 Santa Monica Blvd,Los Angeles,CA,90067,NA,NA,NA
21,WP24,(213) 743-8824,900 W Olympic Blvd,Los Angeles,CA,90015,4.0,303,NA
22,Orchid Bar|Kitchen,(213) 784-3048,819 S Flower St,Los Angeles,CA,90017,NA,NA,7.8
23,California Pizza Kitchen,(310) 209-9197,1001 Broxton Ave,Los Angeles,CA,90024,4.0,54,7.47
24,Industriel,(213) 488-8020,609 S Grand Ave,Los Angeles,CA,90017,NA,NA,NA
25,Ciro's Restaurant,(323) 269-5104,705 N Evergreen Ave,Los Angeles,CA,90033,NA,NA,NA
26,Breadsticks Restaurant,(310) 271-0498,8570 W 3rd St,Los Angeles,CA,90048,NA,NA,NA
27,Javan Restaurant,(310) 207-5555,11500 Santa Monica Blvd,Los Angeles,CA,90025,NA,NA,6.61
28,Fabrocini's-Beverly Glen,(310) 475-7404,2960 N Beverly Glen Cir,Los Angeles,CA,90077,4.5,48,7.01
29,Taix French Restaurant,(213) 484-1265,1911 W Sunset Blvd,Los Angeles,CA,90026,4.5,137,7.89
30,Picca,(310) 277-0133,9575 W Pico Blvd,Los Angeles,CA,90035,NA,NA,NA
31,New Battambang Restaurant,(213) 620-9015,648 New High St,Los Angeles,CA,90012,NA,NA,NA
32,Zermeno's Restaurant,(323) 467-1202,6115 Santa Monica Blvd,Los Angeles,CA,90038,4.5,4,6.64
33,The Grill On The Alley,(323) 466-5577,6801 Hollywood Blvd Ste 90028,Los Angeles,CA,90028,NA,NA,7.12
34,Chick 'N Chow,(310) 274-5595,9301 W Pico Blvd,Los Angeles,CA,90035,NA,NA,NA
35,Johnny Rockets,(310) 788-9020,10250 Santa Monica Blvd,Los Angeles,CA,90067,NA,NA,NA
36,Soleil Westwood,(310) 441-5384,1386 Westwood Blvd,Los Angeles,CA,90024,NA,NA,NA
37,Westwood Pizzeria,(310) 443-0123,10974 Le Conte Ave,Los Angeles,CA,90024,5.0,1,NA
38,That Pizza Place,(310) 475-3888,11907 W Olympic Blvd,Los Angeles,CA,90064,4.5,7,NA
39,Fundamental La,(310) 444-7581,1303 Westwood Blvd,Los Angeles,CA,90024,4.5,54,NA
40,La Morenita Restaurant,(323) 221-1687,2620 N Broadway,Los Angeles,CA,90031,NA,NA,NA
41,Desert Rose,(323) 666-1166,1700 Hillhurst Ave,Los Angeles,CA,90027,4.0,45,7.55
42,Corner Place Restaurant,(213) 487-0968,2819 James M Wood Blvd,Los Angeles,CA,90006,4.0,17,8.53
43,Louise's Trattoria,(323) 962-9510,232 N Larchmont Blvd,Los Angeles,CA,90004,4.5,39,6.56
44,Carolina's Restaurant,(323) 257-1437,6011 N Figueroa St,Los Angeles,CA,90042,NA,NA,NA
45,El Pescador Restaurant,(323) 223-8866,2910 Division St,Los Angeles,CA,90065,NA,NA,NA
46,The Tower Bar,(323) 848-6677,8358 W Sunset Blvd,Los Angeles,CA,90069,4.5,326,NA
47,Nirvana Restaurant,(213) 625-0066,314 E 1st St,Los Angeles,CA,90012,4.0,2,6.27
48,H K Barbeque,(213) 680-1826,323 E 1st St,Los Angeles,CA,90012,4.0,14,6.07
49,Brite Spot,(213) 484-9800,1918 W Sunset Blvd,Los Angeles,CA,90026,3.5,55,7.58
50,Sa Rit Gol Restaurant,(323) 732-8000,1144 S Western Ave,Los Angeles,CA,90006,NA,NA,NA
51,Sushi Ajito,(323) 466-2460,1302 N Highland Ave,Los Angeles,CA,90028,4.5,7,6.31
52,Sizzler,(323) 467-2353,1323 N Highland Ave,Los Angeles,CA,90028,NA,NA,NA
53,Fiddler's Bistro,(323) 931-8167,6009 W 3rd St,Los Angeles,CA,90036,NA,NA,NA
54,Marathon Restaurant,(323) 938-4243,1043 S Fairfax Ave,Los Angeles,CA,90019,4.0,2,NA
55,Mary & Robb's Restaurant,(310) 478-3822,1453 Westwood Blvd,Los Angeles,CA,90024,4.5,57,7.24
56,Roscoe's House of Chicken and Waffles,(323) 466-7453,1514 N Gower St,Los Angeles,CA,90028,4.0,839,8.72
57,El Rinconcito Del Mar,(323) 269-8723,2908 E 1st St,Los Angeles,CA,90033,4.0,5,5.77
58,All'Angolo,(213) 368-7888,4050 W 3rd St,Los Angeles,CA,90020,4.5,10,7.85
59,Chin Chin,(310) 826-2525,11740 San Vicente Blvd Ste 201,Los Angeles,CA,90049,3.5,37,6.94
60,Momo Korean Bar-B-Q,(323) 268-5225,1720 S Soto St,Los Angeles,CA,90023,NA,NA,NA
61,El Borrego De Oro,(323) 780-1132,2808 E Washington Blvd,Los Angeles,CA,90023,NA,NA,NA
62,King Taco,(323) 264-4067,4504 E 3rd St,Los Angeles,CA,90022,4.0,40,8.48
63,El Gavilan Restaurant,(323) 752-4792,110 E 62nd St,Los Angeles,CA,90003,NA,NA,NA
64,El Floridita,(323) 871-8612,1253 Vine St,Los Angeles,CA,90038,3.5,37,6.26
65,800 Degrees Neapolitan Pizzeria,(310) 443-1911,10889 Lindbrook Dr,Los Angeles,CA,90024,4.0,182,NA
66,Honey Bee's House of Breakfast,(323) 731-7203,4715 W Adams Blvd,Los Angeles,CA,90016,4.5,20,7.19
67,Golden Bird,(323) 732-1228,2847 Crenshaw Blvd,Los Angeles,CA,90016,NA,NA,NA
68,Mel's Drive In,(323) 465-2111,1650 N Highland Ave,Los Angeles,CA,90028,4.0,1019,NA
69,The Park's Finest,(213) 481-2800,1267 W Temple St,Los Angeles,CA,90026,4.0,61,8.31
70,The Slice,(310) 437-7499,13151 Fountain Park Dr Ste B,Los Angeles,CA,90094,3.5,2,6.96
71,Lanaranja,(323) 221-5923,2333 Daly St,Los Angeles,CA,90031,NA,NA,7.76
72,El Atacor Restaurant,(323) 441-8477,2622 N Figueroa St,Los Angeles,CA,90065,NA,NA,NA
73,Kailey's Restaurant,(323) 343-9320,3600 N Broadway,Los Angeles,CA,90031,NA,NA,NA
74,Los Feliz Cafe,(323) 661-2355,3207 Los Feliz Blvd,Los Angeles,CA,90039,4.0,12,7.86
75,Malibu Fish Grill,(323) 692-0000,6803 Melrose Ave,Los Angeles,CA,90038,3.5,10,8.3
76,Le Oriental Bistro,(323) 462-3388,1710 N Highland Ave,Los Angeles,CA,90028,4.0,58,7.34
77,Mr Fish & Mex Grill,(323) 290-0801,4949 W Slauson Ave,Los Angeles,CA,90056,NA,NA,7.03
78,Wacky Wok,(310) 670-0071,8919 S Sepulveda Blvd,Los Angeles,CA,90045,4.0,28,6.0
79,The Morrison,(323) 667-1839,3179 Los Feliz Blvd,Los Angeles,CA,90039,4.5,101,8.59
80,Fred 62,(323) 667-0062,1850 N Vermont Ave,Los Angeles,CA,90027,4.0,174,7.69
81,Food,(310) 441-7770,10571 W Pico Blvd,Los Angeles,CA,90064,4.5,30,8.2
82,Las Galas,(213) 687-4811,103 Japanese Village Plaza Mall,Los Angeles,CA,90012,3.5,14,6.04
83,Genghis Cohen,(323) 653-0640,740 N Fairfax Ave,Los Angeles,CA,90046,4.0,94,NA
84,Garden Cafe,(323) 951-1234,6420 Wilshire Blvd,Los Angeles,CA,90048,NA,NA,5.77
85,India's Oven,(310) 207-5522,11645 Wilshire Blvd Ste 200,Los Angeles,CA,90025,3.5,23,7.16
86,Tila's Kitchen,(323) 264-5513,3909 Whittier Blvd,Los Angeles,CA,90023,NA,NA,NA
87,Twin Dragon,(310) 657-7355,8597 W Pico Blvd,Los Angeles,CA,90035,4.0,34,6.98
88,Coco Ichibanya,(310) 479-1333,12007 Wilshire Blvd,Los Angeles,CA,90025,4.5,5,6.43
89,Rio Restaurant,(323) 223-5693,2207 N San Fernando Rd,Los Angeles,CA,90065,NA,NA,NA
90,Toad Restaurant,(323) 460-7037,4503 Beverly Blvd,Los Angeles,CA,90004,NA,NA,NA
91,Cindy's Restaurant,(323) 257-7375,1500 Colorado Blvd,Los Angeles,CA,90041,NA,NA,7.19
92,Osteria Mamma,(323) 284-7060,5732 Melrose Ave,Los Angeles,CA,90038,4.5,131,7.84
93,The Original Pancake House,(310) 645-0456,6521 S Sepulveda Blvd,Los Angeles,CA,90045,NA,NA,NA
94,Restaurant Bahia Ensenada,(323) 261-9569,2605 E Cesar E Chavez Ave,Los Angeles,CA,90033,NA,NA,NA
95,59th & Lex Cafe,(310) 772-7178,10250 Santa Monica Blvd  Inside Bloomingdale's,Los Angeles,CA,90067,4.0,2,NA
96,Loteria Grill,(323) 465-2500,6627 Hollywood Blvd,Los Angeles,CA,90028,4.0,227,NA
97,La Estrella Restaurant,(323) 266-4349,940 S Lorena St,Los Angeles,CA,90023,4.0,2,7.16
98,Palomino Euro-Bistro,(310) 208-1960,10877 Wilshire Blvd,Los Angeles,CA,90024,NA,NA,NA
99,Maria's Italian Kitchen,(310) 476-6112,11723 Barrington Ct,Los Angeles,CA,90049,NA,NA,6.24
100,Guadalajara Carnitas,(323) 266-5648,2735 E Cesar E Chavez Ave,Los Angeles,CA,90033,NA,NA,NA
101,Gus Jr,(323) 235-3713,4001 S San Pedro St,Los Angeles,CA,90011,NA,NA,NA
102,Delancey,(323) 469-2100,5936 W Sunset Blvd,Los Angeles,CA,90028,4.0,70,NA
103,Yekta Restaurant,(310) 444-9422,11925 Santa Monica Blvd,Los Angeles,CA,90025,NA,NA,NA
104,Toscana,(310) 820-2448,11633 San Vicente Blvd,Los Angeles,CA,90049,4.0,86,8.65
105,Il Moro,(310) 575-3530,11400 W Olympic Blvd Ste 160,Los Angeles,CA,90064,4.5,57,7.91
106,Madeo Restaurant,(310) 859-4903,8897 Beverly Blvd,Los Angeles,CA,90048,4.5,338,8.58
107,Casa Sanchez,(310) 397-9999,4500 S Centinela Ave,Los Angeles,CA,90066,4.5,131,NA
108,Shabu Shabu House Restaurant,(213) 680-3890,127 Japanese Village Plaza Mall,Los Angeles,CA,90012,4.5,76,6.97
109,Louigi's Italian Kitchen,(310) 477-4500,1644 Sawtelle Blvd,Los Angeles,CA,90025,4.0,30,5.43
110,A.O.C.,(310) 859-9859,8700 W 3rd St,Los Angeles,CA,90048,4.5,453,8.98
111,Juquila Restaurant,(310) 312-1079,11619 Santa Monica Blvd,Los Angeles,CA,90025,4.0,7,6.4
112,D'Amore's Pizza,(323) 951-0070,8369 W 3rd St,Los Angeles,CA,90048,4.0,6,8.03
113,Son of a Gun,(323) 782-9033,8370 W 3rd St,Los Angeles,CA,90048,4.5,199,8.65
114,Islands,(310) 474-1144,10948 W Pico Blvd,Los Angeles,CA,90064,4.0,25,NA
115,Chicharroland Restaurant,(323) 232-8850,4714 S Main St,Los Angeles,CA,90037,NA,NA,NA
116,Acajutla Restaurant,(323) 232-5410,608 E 59th St,Los Angeles,CA,90001,NA,NA,NA
117,El Quezalteco Restaurant,(323) 766-8700,3304 W Jefferson Blvd,Los Angeles,CA,90018,NA,NA,NA
118,Sultani Restaurant,(323) 876-3389,1535 N La Brea Ave,Los Angeles,CA,90028,NA,NA,5.4
119,Versailles Cuban Food,(310) 558-3168,10319 Venice Blvd,Los Angeles,CA,90034,NA,NA,8.59
120,Enzo's Pizzeria,(310) 208-3696,10940 Weyburn Ave,Los Angeles,CA,90024,4.0,34,7.25
121,Prado Restaurant,(323) 467-3871,244 N Larchmont Blvd,Los Angeles,CA,90004,NA,NA,NA
122,Saddle Ranch Chop House,(323) 656-2007,8371 W Sunset Blvd,Los Angeles,CA,90069,4.5,1788,7.94
123,Rock Sugar Pan Asian Kitchen,(310) 552-9988,10250 Santa Monica Blvd,Los Angeles,CA,90067,NA,NA,NA
124,Terroni,(323) 954-0300,7605 Beverly Blvd,Los Angeles,CA,90036,4.0,247,8.92
125,Saffron Downtown Los Angeles,(213) 488-9754,505 S Flower St,Los Angeles,CA,90071,4.0,6,6.72
126,Della Terra,(323) 933-7675,7675 Beverly Blvd,Los Angeles,CA,90036,4.0,62,NA
127,Boda Restaurant,(323) 227-8573,2310 Pasadena Ave,Los Angeles,CA,90031,4.0,1,NA
128,King Taco,(323) 264-9051,4300 E Olympic Blvd,Los Angeles,CA,90023,NA,NA,7.72
129,Philly West Bar & Grill,(310) 474-9787,1870 Westwood Blvd,Los Angeles,CA,90025,4.5,7,NA
130,Seoul House of Tofu,(310) 444-9988,2101 Sawtelle Blvd,Los Angeles,CA,90025,4.0,30,6.69
131,Home Restaurant,(323) 665-0211,2500 Riverside Dr,Los Angeles,CA,90039,NA,NA,NA
132,Jitalda Rest,(323) 667-9809,5233 1/2 W Sunset Blvd,Los Angeles,CA,90027,NA,NA,8.91
133,Marino,(323) 466-8812,6001 Melrose Ave,Los Angeles,CA,90038,4.5,97,8.47
134,Pizzicotto,(310) 442-7188,11758 San Vicente Blvd,Los Angeles,CA,90049,4.5,98,NA
135,Jeff's Gourmet Kosher Sausage Factory,(310) 858-8590,8930 W Pico Blvd,Los Angeles,CA,90035,4.5,81,7.87
136,Billingsley's Restaurant,(310) 477-1426,11326 W Pico Blvd,Los Angeles,CA,90064,3.5,47,8.09
137,Best Fish Taco In Ensenada,(323) 466-5552,1650 Hillhurst Ave,Los Angeles,CA,90027,4.5,74,7.65
138,Park's BBQ,(213) 380-1717,955 S Vermont Ave,Los Angeles,CA,90006,4.5,126,9.05
139,Craft,(310) 279-4180,10100 Constellation Blvd,Los Angeles,CA,90067,4.5,511,NA
140,Restaurant Komasa,(213) 680-1792,351 E 2nd St,Los Angeles,CA,90012,4.5,36,7.96
141,Pan American Restaurant,(213) 386-2083,2601 W Temple St,Los Angeles,CA,90026,NA,NA,NA
142,Red O,(323) 655-5009,8155 Melrose Ave,Los Angeles,CA,90046,NA,NA,7.94
143,Foo-Chow Restaurant,(213) 485-1294,949 N Hill St,Los Angeles,CA,90012,4.0,37,7.28
144,Choeng Wun Restaurant,(323) 465-7590,944 N Western Ave,Los Angeles,CA,90029,4.5,3,NA
145,Natalie Peruvian Seafood Restaurant,(323) 463-8340,5759 Hollywood Blvd,Los Angeles,CA,90028,4.0,23,7.32
146,Rosalind's Ethiopian Restaurant,(323) 936-2486,1044 S Fairfax Ave,Los Angeles,CA,90019,4.5,36,8.21
147,Malibu Fish Grill,(323) 650-7700,8000 W Sunset Blvd,Los Angeles,CA,90046,NA,NA,NA
148,La Bruschetta Ristorante,(310) 477-1052,1621 Westwood Blvd,Los Angeles,CA,90024,4.5,71,6.6
149,Cheng Du Restaurant,(310) 477-4917,11538 W Pico Blvd,Los Angeles,CA,90064,4.0,23,7.93
150,Farfalla Trattoria Inc,(323) 661-7365,1978 Hillhurst Ave,Los Angeles,CA,90027,4.0,76,7.5
151,Wood & Vine,(323) 334-3360,6280 Hollywood Blvd,Los Angeles,CA,90028,4.0,189,7.45
152,Shakey's Pizza Parlor,(323) 663-2145,5170 W Sunset Blvd,Los Angeles,CA,90027,4.0,17,NA
153,Magnolia Hollywood,(323) 467-0660,6266 W Sunset Blvd,Los Angeles,CA,90028,NA,NA,NA
154,Tanino Restaurant,(310) 208-0444,1043 Westwood Blvd,Los Angeles,CA,90024,NA,NA,6.54
155,Truxton's American Bistro,(310) 417-8789,8611 Truxton Ave,Los Angeles,CA,90045,4.5,268,8.64
156,Buffalo Wild Wings,(323) 466-1721,7060 Hollywood Blvd,Los Angeles,CA,90028,3.5,298,6.99
157,El Compadre Restaurant,(323) 751-7148,233 E Florence Ave,Los Angeles,CA,90003,5.0,1,NA
158,Nanban-Kan Restaurant,(310) 478-1591,11330 Santa Monica Blvd,Los Angeles,CA,90025,4.0,44,8.06
159,Paraiso Restaurant,(213) 625-7845,115 W 3rd St,Los Angeles,CA,90013,NA,NA,NA
160,La Victoria Restaurant,(213) 748-2682,3311 S Main St,Los Angeles,CA,90007,NA,NA,NA
161,Eva's Lechon & Deli,(213) 383-3179,4252 W 3rd St,Los Angeles,CA,90020,5.0,3,NA
162,L&L Hawaiian Barbecue,(323) 259-8888,4430 York Blvd,Los Angeles,CA,90041,3.5,3,5.74
163,Kim's Restaurant,(323) 294-6677,3860 Crenshaw Blvd,Los Angeles,CA,90008,5.0,2,6.2
164,All American Sausage Co,(323) 933-9600,189 The Grove Dr,Los Angeles,CA,90036,NA,NA,NA
165,Hop Woo,(310) 575-3668,11110 W Olympic Blvd,Los Angeles,CA,90064,3.5,26,NA
166,On The Border Mexican Grill & Cantina,(310) 665-9445,400 World Way,Los Angeles,CA,90045,NA,NA,NA
167,Little Dom's,(323) 661-0055,2128 Hillhurst Ave,Los Angeles,CA,90027,4.0,189,8.8
168,Full House Seafood Restaurant,(213) 617-8382,963 N Hill St,Los Angeles,CA,90012,4.0,33,7.19
169,Bandera,(310) 477-3524,11700 Wilshire Blvd,Los Angeles,CA,90025,NA,NA,NA
170,The Cheesecake Factory,(323) 634-0511,189 The Grove Dr,Los Angeles,CA,90036,4.5,1917,7.96
171,Musso & Frank Grill,(323) 467-7788,6667 Hollywood Blvd,Los Angeles,CA,90028,4.5,1271,8.79
172,L & E Oyster Bar,(323) 660-2255,1637 Silver Lake Blvd,Los Angeles,CA,90026,4.5,30,8.84
173,Callender's Grill,(323) 937-7952,5773 Wilshire Blvd,Los Angeles,CA,90036,4.0,17,NA
174,Woody's BBQ,(323) 758-8303,1958 W Florence Ave,Los Angeles,CA,90047,NA,NA,NA
175,El Tapatio Restaurant,(323) 266-2931,2049 E Cesar E Chavez Ave,Los Angeles,CA,90033,NA,NA,NA
176,Greenwich Village Pizza,(213) 973-4371,512 E Washington Blvd,Los Angeles,CA,90015,NA,NA,NA
177,Carney's Restaurant,(323) 654-8300,8351 W Sunset Blvd,Los Angeles,CA,90069,4.5,516,8.83
178,Trimana,(310) 445-4044,11755 Wilshire Blvd Ste 30,Los Angeles,CA,90025,NA,NA,NA
179,House of Pies,(323) 666-9961,1869 N Vermont Ave,Los Angeles,CA,90027,4.0,124,8.01
180,Papa Cristo's Taverna,(323) 737-2970,2771 W Pico Blvd,Los Angeles,CA,90006,NA,NA,8.69
181,Daikokuya,(213) 626-1680,327 E 1st St,Los Angeles,CA,90012,4.5,86,8.21
182,Bestia,(213) 514-5724,2121 E 7th Pl,Los Angeles,CA,90021,4.5,630,9.27
183,Silver Lake Ramen,(323) 660-8100,2927 W Sunset Blvd,Los Angeles,CA,90026,4.5,74,8.6
184,Mandarin Kitchen,(310) 441-9651,1822 Westwood Blvd,Los Angeles,CA,90025,NA,NA,NA
185,Perch,(213) 802-1770,448 S Hill St,Los Angeles,CA,90013,4.5,950,8.94
186,Hakata Ramen Shin-Sen-Gumi,(213) 687-7108,132 S Central Ave,Los Angeles,CA,90012,4.5,86,8.34
187,Allacqua,(323) 663-3280,3280 Glendale Blvd,Los Angeles,CA,90039,4.0,41,8.74
188,Donut Friend,(213) 995-6191,5107 York Blvd,Los Angeles,CA,90042,5.0,55,8.65
189,Four Cafe,(323) 550-1988,2122 Colorado Blvd,Los Angeles,CA,90041,4.5,32,8.08
190,India's Restaurant,(323) 912-9230,4366 Fountain Ave,Los Angeles,CA,90029,4.0,40,7.37
191,Blu Jam Cafe,(323) 951-9191,7371 Melrose Ave,Los Angeles,CA,90046,4.5,267,8.78
192,Mariscos El Jato,(323) 264-6590,2936 E 4th St,Los Angeles,CA,90033,NA,NA,7.35
193,Mohawk Bend,(213) 483-2337,2141 W Sunset Blvd,Los Angeles,CA,90026,4.5,160,8.65
194,Katsuya Hollywood,(323) 871-8777,6300 Hollywood Blvd,Los Angeles,CA,90028,4.5,565,8.28
195,It's Thai Hometaurant,(213) 484-9383,1311 Glendale Blvd,Los Angeles,CA,90026,NA,NA,NA
196,Good Girl Dinette,(323) 257-8980,110 N Avenue 56,Los Angeles,CA,90042,4.0,10,NA
197,Hurry Curry of Tokyo,(310) 473-1640,2131 Sawtelle Blvd,Los Angeles,CA,90025,4.0,56,NA
198,Baco Mercat,(213) 687-7000,408 S Main St,Los Angeles,CA,90013,4.5,316,NA
199,Manna Korean BBQ,(213) 617-0306,333 S Alameda St,Los Angeles,CA,90013,4.0,50,7.47
200,Pho Café,(323) 378-5770,2841 W Sunset Blvd,Los Angeles,CA,90026,4.0,45,7.63
201,Ham Ji Park,(213) 365-8773,3407 W 6th St,Los Angeles,CA,90020,4.5,17,8.9
202,Beverly Chicken,(323) 660-8200,3909 Beverly Blvd,Los Angeles,CA,90004,NA,NA,NA
203,Manuel’s El Tepeyac Cafe,(323) 268-1960,812 N Evergreen Ave,Los Angeles,CA,90033,NA,NA,NA
204,Gingergrass,(323) 644-1600,2396 Glendale Blvd,Los Angeles,CA,90039,4.0,81,8.3
205,Yamashiro,(323) 337-9400,1999 N Sycamore Ave,Los Angeles,CA,90068,4.0,884,8.53
206,Men Oh Tokushima Ramen,(213) 687-8485,456 E 2nd St,Los Angeles,CA,90012,4.0,9,8.03
207,Button Mash,(213) 250-9903,1391 W Sunset Blvd,Los Angeles,CA,90026,NA,NA,NA
208,Community,(323) 913-0478,2044 Hillhurst Ave,Los Angeles,CA,90027,4.5,12,NA
209,Sanamluang Cafe,(323) 660-8006,5176 Hollywood Blvd,Los Angeles,CA,90027,4.0,95,8.68
210,Max City BBQ,(323) 254-4227,4729 Eagle Rock Blvd,Los Angeles,CA,90041,4.5,29,7.94
211,Pann's Restaurant,(310) 670-1441,6710 La Tijera Blvd,Los Angeles,CA,90045,4.5,218,8.6
212,T.G. Express,(213) 483-8033,1906 W 3rd St,Los Angeles,CA,90057,4.5,7,6.39
213,The Griffin,(323) 644-0444,3000 Los Feliz Blvd,Los Angeles,CA,90039,5.0,1,NA
214,Young-King Chinese Restaurant,(213) 487-6154,3100 W Olympic Blvd,Los Angeles,CA,90006,3.5,16,6.93
215,Big Mama's & Papa's Pizzeria,(323) 644-0003,814 N Vermont Ave,Los Angeles,CA,90029,3.0,5,7.2
216,Han Bat Shul Lung Tang,(213) 388-9499,4163 W 5th St,Los Angeles,CA,90020,4.5,29,8.78
217,Kettle Glazed Doughnuts,(323) 462-2344,6211 Franklin Ave,Los Angeles,CA,90028,4.5,73,8.83
218,Bao Dim Sum House,(323) 655-6556,8256 Beverly Blvd,Los Angeles,CA,90048,4.0,156,8.12
219,Hae Jang Chon Korean BBQ Restaurant,(213) 389-8777,3821 W 6th St,Los Angeles,CA,90020,4.5,112,8.2
220,Hyperion Public,(323) 761-6440,2538 Hyperion Ave,Los Angeles,CA,90027,4.0,32,7.5
221,Sugarfish,(310) 820-4477,11640 San Vicente Blvd,Los Angeles,CA,90049,4.5,76,8.75
222,Pizza Next Door,(213) 622-6595,806 W 8th St,Los Angeles,CA,90017,4.5,27,6.27
223,Figaro Bistrot,(323) 662-1587,1802 N Vermont Ave,Los Angeles,CA,90027,4.5,174,8.04
224,Pink Pepper,(323) 461-2462,1638 N La Brea Ave,Los Angeles,CA,90028,4.5,96,7.98
225,Westside Tavern,(310) 470-1539,10850 W Pico Blvd,Los Angeles,CA,90064,NA,NA,NA
226,Curry House,(213) 620-0855,123 Astronaut E S Onizuka St,Los Angeles,CA,90012,NA,NA,NA
227,Otium,(213) 935-8500,222 S Hope St,Los Angeles,CA,90012,4.0,441,8.44
228,Little Beast Restaurant,(323) 341-5899,1496 Colorado Blvd,Los Angeles,CA,90041,4.5,90,8.47
229,Fresh In The Box,(310) 301-9100,13354 W Washington Blvd,Los Angeles,CA,90066,5.0,17,6.58
230,Harold and Belle's,(323) 735-9023,2920 W Jefferson Blvd,Los Angeles,CA,90018,4.0,103,7.6
231,Gobi Mongolian Barbeque,(213) 989-0711,2827 W Sunset Blvd,Los Angeles,CA,90026,NA,NA,NA
232,Pine & Crane,(323) 668-1128,1521 Griffith Park Blvd,Los Angeles,CA,90026,4.5,97,8.97
233,BCD Tofu House,(213) 380-3807,869 S Western Ave,Los Angeles,CA,90005,NA,NA,7.07
234,Mud Hen Tavern,(323) 203-0500,742 N Highland Ave,Los Angeles,CA,90038,NA,NA,NA
235,Volcano Wok,(323) 468-9196,7040 W Sunset Blvd,Los Angeles,CA,90028,NA,NA,NA
236,Meals By Genet,(323) 938-9304,1053 S Fairfax Ave,Los Angeles,CA,90019,4.5,44,8.9
237,Cabo Cantina,(323) 822-7820,8301 W Sunset Blvd,Los Angeles,CA,90069,3.5,112,5.89
238,Sushi Sasabune,(310) 478-3596,11917 Wilshire Blvd,Los Angeles,CA,90025,4.5,94,8.54
239,Leela Thai Restaurant,(323) 660-6100,1737 Silver Lake Blvd,Los Angeles,CA,90026,NA,NA,7.26
240,My Taco,(323) 256-2698,6300 York Blvd,Los Angeles,CA,90042,4.0,8,7.61
241,Messob Ethiopian Restaurant,(323) 938-8827,1041 S Fairfax Ave,Los Angeles,CA,90019,4.0,53,7.71
242,Chego!,(323) 380-8680,727 N Broadway Ste 117,Los Angeles,CA,90012,NA,NA,NA
243,Bon Vivant Market & Cafe,(323) 284-8013,3155 Glendale Blvd,Los Angeles,CA,90039,4.0,15,8.14
244,Sakura Japanese Restaurant & Sushi Bar,(310) 822-7790,4545 S Centinela Ave,Los Angeles,CA,90066,4.0,49,8.14
245,Plum Tree Inn,(213) 613-1819,913 N Broadway,Los Angeles,CA,90012,NA,NA,NA
246,The Original Pantry Cafe,(213) 972-9279,877 S Figueroa St,Los Angeles,CA,90017,4.0,984,NA
247,Yard House,(213) 745-9273,800 W Olympic Blvd,Los Angeles,CA,90015,NA,NA,8.34
248,Won Kok Restaurant,(213) 613-0700,210 Alpine St,Los Angeles,CA,90012,4.0,52,7.86
249,Hard Times Pizza,(213) 413-1900,1311 Glendale Blvd,Los Angeles,CA,90026,5.0,1,7.09
250,Wako Donkasu,(213) 381-9256,3377 Wilshire Blvd,Los Angeles,CA,90010,4.0,9,7.34
251,Pollo A La Brasa,(213) 387-1531,764 S Western Ave,Los Angeles,CA,90005,4.5,17,8.67
252,Ye Rustic Inn,(323) 662-5757,1831 Hillhurst Ave,Los Angeles,CA,90027,5.0,6,8.09
253,Osteria La Buca,(323) 462-1900,5210 Melrose Ave,Los Angeles,CA,90038,NA,NA,9.14
254,Gaby's Mediterranean,(310) 559-1808,10445 Venice Blvd,Los Angeles,CA,90034,4.0,38,7.4
255,San Antonio Winery,(323) 223-1401,737 Lamar Street,Los Angeles,CA,90031,4.5,182,NA
256,Caffe Latte,(323) 936-5213,6254 Wilshire Blvd,Los Angeles,CA,90048,4.5,32,NA
257,Pho 87 Restaurant,(323) 227-0758,1019 N Broadway,Los Angeles,CA,90012,4.0,43,8.71
258,Thai Original BBQ & Restaurant,(213) 383-8571,4055 W 3rd St,Los Angeles,CA,90020,4.0,16,7.47
259,Chateau Lemongrass,(323) 258-8050,1952 Colorado Blvd,Los Angeles,CA,90041,4.5,29,7.56
260,Tofu Ya,(310) 473-2627,2021 Sawtelle Blvd,Los Angeles,CA,90025,4.0,23,6.34
261,Mendocino Farms,(213) 627-3262,444 S Flower St,Los Angeles,CA,90071,4.5,23,7.98
262,Sushi Go 55,(213) 687-0777,333 S Alameda St Ste 317,Los Angeles,CA,90013,5.0,33,7.74
263,The Factory Kitchen,(213) 996-6000,1300 Factory Pl Ste 101,Los Angeles,CA,90013,4.5,267,8.17
264,Smashburger,(213) 631-3355,1011 S Figueroa St,Los Angeles,CA,90015,4.0,189,5.9
265,Gwang Yang BBQ,(213) 385-5600,3435 Wilshire Blvd,Los Angeles,CA,90010,NA,NA,7.89
266,Hollywood Burger,(323) 378-5668,6250 Hollywood Blvd Ste 100,Los Angeles,CA,90028,4.5,86,NA
267,Nobu Los Angeles,(310) 657-5711,903 N La Cienega Blvd,Los Angeles,CA,90069,4.5,494,8.82
268,Barton G. The Restaurant Los Angeles,(310) 388-1888,861 N La Cienega Blvd,Los Angeles,CA,90069,4.0,234,8.05
269,Burrata House,(844) 287-7282,3272 Motor Ave,Los Angeles,CA,90034,5.0,11,7.61
270,Native Foods,(310) 209-1055,1114 Gayley Ave.,Los Angeles,CA,90024,4.0,2,8.69
271,Marugame Monzo,(213) 346-9762,329 E 1st St,Los Angeles,CA,90012,4.5,104,8.62
272,Chinchikurin,(213) 626-0480,350 E 1st St,Los Angeles,CA,90012,4.5,26,7.58
273,Ocean Seafood Restaurant,(213) 687-3088,750 N Hill St,Los Angeles,CA,90012,NA,NA,7.02
274,Nick's Cafe,(323) 222-1450,1300 N Spring St,Los Angeles,CA,90012,4.5,70,8.33
275,King Taco,(213) 747-3176,1951 S San Pedro St,Los Angeles,CA,90011,NA,NA,8.48
276,Eighth Street Soondae,(213) 487-0038,2703 W 8th St,Los Angeles,CA,90005,4.0,1,7.5
277,Soy Japanese Grill & Roll,(213) 746-8831,2813 S Figueroa St,Los Angeles,CA,90007,3.5,2,6.3
278,Quarters Korean BBQ,(213) 365-8111,3465 W 6th St  Calle 130,Los Angeles,CA,90020,4.5,134,8.43
279,Blossom,(323) 953-8345,4019 W Sunset Blvd,Los Angeles,CA,90029,NA,NA,NA
280,Cha Cha Chili,(850) 598-9090,4625 Valley Blvd,Los Angeles,CA,90032,4.5,16,8.1
281,Yu Chun Chic Naeng Myun,(213) 382-3815,3185 W Olympic Blvd,Los Angeles,CA,90006,4.0,6,NA
282,Modern Eats,(323) 665-1008,2590 Glendale Blvd,Los Angeles,CA,90039,4.5,19,7.9
283,Square One Silverlake,(213) 220-0938,2630 Hyperion Ave Ste 101,Los Angeles,CA,90027,NA,NA,7.71
284,Yuca's On Hollywood,(323) 661-0523,4666 Hollywood Blvd,Los Angeles,CA,90027,NA,NA,NA
285,La Pergoletta,(323) 664-8259,1802 Hillhurst Ave,Los Angeles,CA,90027,4.5,46,8.07
286,Coral Reef Chinese Restaurant,(323) 660-3260,3200 Glendale Blvd,Los Angeles,CA,90039,4.5,3,7.17
287,Genwa Korean BBQ,(323) 549-0760,5115 Wilshire Blvd,Los Angeles,CA,90036,4.5,198,8.84
288,Chinese Deli,(310) 815-8681,5808 Obama Blvd,Los Angeles,CA,90016,NA,NA,NA
289,Feast From the East,(310) 475-0400,1949 Westwood Blvd,Los Angeles,CA,90025,4.0,31,7.69
290,Flame Persian Cuisine,(310) 470-3399,1442 Westwood Blvd,Los Angeles,CA,90024,4.0,51,7.5
291,Del Rey Kitchen,(310) 822-7788,12740 Culver Blvd,Los Angeles,CA,90066,NA,NA,NA
292,Emporium Thai,(310) 478-2838,1275 Westwood Blvd,Los Angeles,CA,90024,4.0,68,7.04
293,Hide Sushi Japanese,(310) 477-7242,2040 Sawtelle Blvd,Los Angeles,CA,90025,4.0,98,8.25
294,Bollywood Bites,(310) 824-1046,1051 Gayley Ave,Los Angeles,CA,90024,3.5,21,5.78
295,House of Thai Taste,(310) 915-0123,12824 Venice Blvd,Los Angeles,CA,90066,4.5,17,7.66
296,Ayara Thai Cuisine,(310) 410-8848,6245 W 87th St,Los Angeles,CA,90045,4.5,265,8.6
297,Crown of India,(323) 465-3321,6755 Santa Monica Blvd,Los Angeles,CA,90038,4.0,23,7.01
298,The Fix Burger,(323) 661-8494,2520 Hyperion Ave,Los Angeles,CA,90027,4.5,12,7.54
299,Urban Masala,(323) 957-9999,6554 Hollywood Blvd,Los Angeles,CA,90028,4.5,143,6.97
300,New Panda Buffet,(323) 291-5555,5120 Obama Blvd,Los Angeles,CA,90016,4.0,8,7.05
301,Public School 213,(213) 622-4500,612 S Flower St,Los Angeles,CA,90017,4.0,100,8.22
302,Iota Brew Cafe,(213) 568-2700,528 S Western Ave,Los Angeles,CA,90020,NA,NA,NA
303,Maverick's Flat,(323) 295-4179,4225 Crenshaw Blvd,Los Angeles,CA,90008,NA,NA,NA
304,Beachwood Cafe,(323) 871-1717,2695 N Beachwood Dr,Los Angeles,CA,90068,4.5,142,8.98
305,Ray's and Stark Bar,(323) 857-6180,5905 Wilshire Blvd,Los Angeles,CA,90036,4.0,204,7.06
306,Joan's on Third,(323) 655-2285,8350 W 3rd St,Los Angeles,CA,90048,4.5,522,9.09
307,Paco's Tacos Cantina,(310) 645-8692,6212 W Manchester Ave,Los Angeles,CA,90045,4.0,132,7.94
308,Fat Sal's Deli,(310) 208-5070,972 Gayley Ave,Los Angeles,CA,90024,4.5,69,8.28
309,Golden Dragon Restaurant,(213) 626-2039,960 N Broadway,Los Angeles,CA,90012,4.0,99,7.02
310,Cafe Tropical,(323) 661-8391,2900 W Sunset Blvd,Los Angeles,CA,90026,4.0,18,NA
311,Soot Bull Jeep,(213) 387-3865,3136 W 8th St,Los Angeles,CA,90005,4.5,55,7.52
312,Chinese Kitchen,(323) 260-7987,3441 Whittier Blvd,Los Angeles,CA,90023,NA,NA,NA
313,Kuishimbo Japanese Restaurant,(213) 380-5049,3407 W 6th St,Los Angeles,CA,90020,4.0,6,6.86
314,Commissary,(213) 368-3030,3515 Wilshire Blvd,Los Angeles,CA,90010,NA,NA,5.4
315,Atch-Kotch Japanese Restaurant,(323) 467-5537,1253 Vine St,Los Angeles,CA,90038,4.0,9,NA
316,Crazy Rock'n Sushi,(323) 882-8247,7100 Santa Monica Blvd Ste 158,Los Angeles,CA,90046,4.0,54,7.86
317,Stir Market,(323) 879-8283,7475 Beverly Blvd,Los Angeles,CA,90036,NA,NA,NA
318,Blue Hen Restaurant,(323) 982-9900,1743 Colorado Blvd,Los Angeles,CA,90041,NA,NA,NA
319,My Two Cents,(323) 938-1012,5583 W Pico Blvd,Los Angeles,CA,90019,4.5,50,8.72
320,The Counter,(323) 436-3844,7917 W Sunset Blvd,Los Angeles,CA,90046,NA,NA,NA
321,Wokcano On 3rd,(310) 458-3080,8408 W 3rd St,Los Angeles,CA,90048,NA,NA,7.24
322,Sushi by H,(323) 782-0547,480 S San Vicente Blvd,Los Angeles,CA,90048,NA,NA,8.1
323,California Chicken Cafe,(310) 446-1933,2005 Westwood Blvd,Los Angeles,CA,90025,4.0,43,8.8
324,Sprazzo Cucina Italiana,(310) 479-3337,1389 Westwood Blvd,Los Angeles,CA,90024,NA,NA,5.7
325,Eggslut,(213) 625-0292,"317 S. Broadway, Stall D-1",Los Angeles,CA,90013,4.5,563,8.1
326,Super Panda China Buffet,(323) 257-7551,6300 York Blvd,Los Angeles,CA,90042,NA,NA,NA
327,Master Burger,(323) 293-0890,3420 W Slauson Ave Ste A,Los Angeles,CA,90043,NA,NA,NA
328,P.F. Chang's China Bistro,(310) 854-6467,121 N La Cienega Blvd # 117,Los Angeles,CA,90048,NA,NA,7.72
329,BADMAASH Downtown LA,(657) 385-7383,108 W 2nd St Apt 104,Los Angeles,CA,90012,4.0,134,8.32
330,Katsuya,(213) 747-9797,800 W Olympic Blvd Ste 220,Los Angeles,CA,90015,4.0,293,7.43
331,Kazoku Sushi,(323) 817-1002,5259 Hollywood Blvd,Los Angeles,CA,90027,5.0,5,7.47
332,Fabiolus Cucina,(323) 467-2882,6270 W Sunset Blvd,Los Angeles,CA,90028,4.0,150,7.45
333,Pizzeria Mozza,(323) 297-0101,641 N Highland Ave,Los Angeles,CA,90036,4.0,745,9.17
334,Cheebo,(323) 850-7070,7533 W Sunset Blvd,Los Angeles,CA,90046,4.5,138,8.02
335,John O'Groats Restaurant,(310) 204-0692,10516 W Pico Blvd,Los Angeles,CA,90064,4.0,97,8.02
336,Coral Tree Cafe,(310) 979-8733,11645 San Vicente Blvd,Los Angeles,CA,90049,4.0,108,8.22
337,Mr Ramen,(213) 626-4252,341 E 1st St,Los Angeles,CA,90012,4.0,60,NA
338,Chinese House Haochi,(213) 385-9799,3280 W 6th St,Los Angeles,CA,90020,NA,NA,NA
339,Toe Bang Cafe,(213) 387-4905,3465 W 6th St,Los Angeles,CA,90020,NA,NA,6.8
340,Guelaguetza Restaurant,(213) 427-0608,3014 W Olympic Blvd,Los Angeles,CA,90006,4.5,172,8.57
341,Patra's Charbroiled Burgers,(323) 225-9944,2319 N San Fernando Rd,Los Angeles,CA,90065,NA,NA,8.36
342,Pamore Pizza,(323) 766-8868,2190 W Washington Blvd,Los Angeles,CA,90018,4.5,4,NA
343,Speranza,(323) 644-1918,2547 Hyperion Ave,Los Angeles,CA,90027,3.5,41,7.73
344,Chung Ki Wa,(323) 737-0809,3545 W Olympic Blvd,Los Angeles,CA,90019,4.5,13,NA
345,Simply Thai Restaurant,(323) 665-6958,1850 Hillhurst Ave,Los Angeles,CA,90027,4.0,14,6.89
346,Paru's,(323) 661-7600,5140 W Sunset Blvd,Los Angeles,CA,90027,NA,NA,NA
347,Sal's Vienna Cafe,(323) 651-3822,7356 Melrose Ave,Los Angeles,CA,90046,3.5,13,NA
348,Robata JINYA - 3rd St.,(323) 653-8877,8050 W 3rd St,Los Angeles,CA,90048,4.5,58,8.74
349,Takami Sushi and Robata,(213) 236-9600,811 Wilshire Blvd,Los Angeles,CA,90017,4.0,202,8.67
350,Noshi Sushi,(323) 469-3458,4430 Beverly Blvd,Los Angeles,CA,90004,4.0,28,8.46
351,El 7 Mares,(323) 267-0106,2747 E Cesar E Chavez Ave,Los Angeles,CA,90033,4.0,6,NA
352,The Lab Gastropub,(213) 743-1843,3500 S Figueroa St,Los Angeles,CA,90089,4.0,54,5.71
353,Kang Hodong Baekjeong,(213) 384-9678,3465 W 6th St Ste 20,Los Angeles,CA,90020,4.5,154,9.01
354,Hong Kong Express,(323) 777-0299,10311 Avalon Blvd,Los Angeles,CA,90003,NA,NA,NA
355,Thai Boom,(310) 842-8291,10863 Venice Blvd,Los Angeles,CA,90034,4.5,9,NA
356,Westin,(213) 624-1000,404 S Figueroa St,Los Angeles,CA,90071,4.0,3474,7.4
357,Morton's The Steakhouse,(213) 553-4566,735 S Figueroa St Ste 207,Los Angeles,CA,90017,4.0,123,7.41
358,Fogo de Chão Brazilian Steakhouse,(213) 228-4300,800 S Figueroa St,Los Angeles,CA,90017,4.0,298,NA
359,L'Antica Pizzeria Da Michele,(323) 366-2408,1534 N Mccadden Pl,Los Angeles,CA,90028,4.5,68,8.83
360,Mitsuru Sushi & Grill,(213) 626-4046,316 E 1st St,Los Angeles,CA,90012,5.0,4,7.58
361,Chateau Lemongrass,(323) 258-8050,1952 Colorado Blvd,Los Angeles,CA,90041,4.5,29,7.56
362,Flame Persian Cuisine,(310) 470-3399,1442 Westwood Blvd,Los Angeles,CA,90024,4.0,51,7.5
363,Loteria Grill,(323) 930-2211,6333 W 3rd St,Los Angeles,CA,90036,4.0,142,NA
364,Melanee Thai,(310) 273-4066,9562 W Pico Blvd,Los Angeles,CA,90035,4.5,25,NA
365,Thai Talay,(310) 670-3055,8411 Lincoln Blvd,Los Angeles,CA,90045,4.0,54,NA
366,Bloom Cafe,(323) 934-6900,5544 W Pico Blvd,Los Angeles,CA,90019,4.5,32,8.16
367,Hu's Restaurant,(310) 837-0252,10450 National Blvd,Los Angeles,CA,90034,4.5,29,6.34
368,Los Balcones,(323) 871-9600,1360 Vine St,Los Angeles,CA,90028,4.0,85,6.74
369,Alimento,(323) 928-2888,1710 Silver Lake Blvd,Los Angeles,CA,90026,4.0,68,8.53
370,Ramen Maruya,(213) 613-9988,104 Japanese Village Plaza Mall,Los Angeles,CA,90012,4.0,53,6.03
371,Horse Theif BBQ,(213) 625-0341,324 S Hill St,Los Angeles,CA,90013,4.0,88,NA
372,Terroni - LA,(323) 954-0300,802 S Spring St,Los Angeles,CA,90014,4.0,157,NA
373,Holy Crab,(213) 252-0058,3250 Wilshire Blvd,Los Angeles,CA,90010,4.5,21,6.24
374,Il Segreto,(310) 474-8644,2932 N Beverly Glen Cir,Los Angeles,CA,90077,4.5,35,NA
375,Blue Ribbon Sushi Bar & Grill,(323) 352-9300,189 The Grove Dr,Los Angeles,CA,90036,4.0,87,6.26
376,Spice Restaurant,(323) 876-0497,2011 N Highland Ave,Los Angeles,CA,90068,4.0,65,NA
377,Sunnin Lebanese Cafe,(310) 475-3358,1776 Westwood Blvd,Los Angeles,CA,90024,4.5,50,8.37
378,Mizu 212,(310) 478-8979,2000 Sawtelle Blvd,Los Angeles,CA,90025,4.5,31,NA
379,Singapore's Banana Leaf,(323) 933-4627,6333 W 3rd St,Los Angeles,CA,90036,4.0,109,7.62
380,It's Pho,(323) 380-7998,1821 N Cahuenga Blvd,Los Angeles,CA,90028,4.5,43,7.17
381,Headlines Diner & Press Club,(310) 208-2424,10922 Kinross Ave,Los Angeles,CA,90024,4.5,20,NA
382,Fish Grill,(310) 860-1182,9618 W Pico Blvd,Los Angeles,CA,90035,4.5,43,6.86
383,Traxx Restaurant,(323) 470-7094,800 N Alameda St,Los Angeles,CA,90012,4.0,109,7.19
384,Ladurée The Grove,(323) 456-0282,189 The Grove Dr,Los Angeles,CA,90036,4.0,64,7.68
385,Trattoria Natalie,(310) 246-1826,8681 W Pico Blvd,Los Angeles,CA,90035,4.0,46,5.92
386,Alma at The Standard,(323) 650-9090,8300 W Sunset Blvd,Los Angeles,CA,90069,4.0,54,NA
387,Mandarette,(323) 655-6115,8386 Beverly Blvd,Los Angeles,CA,90048,4.0,46,7.3
388,Niko Niko Sushi,(310) 470-2661,10839 National Blvd,Los Angeles,CA,90064,4.5,21,6.66
389,Panang Thai,(310) 338-1337,5310 W Century Blvd,Los Angeles,CA,90045,4.0,53,6.93
390,Little Fatty,(310) 574-7610,3809 Grand View Blvd,Los Angeles,CA,90066,4.5,21,7.46
391,Officine Brera,(213) 553-8006,1331 E 6th St,Los Angeles,CA,90021,NA,NA,8.56
392,Mitaki Japanese Restaurant,(213) 741-0034,1139 S Hill St,Los Angeles,CA,90015,NA,NA,NA
393,Bernie's Teriyaki,(213) 250-8413,318 Glendale Blvd,Los Angeles,CA,90026,NA,NA,6.44
394,Aladin's Coffee Shop,(213) 747-4032,1150 S Hope St,Los Angeles,CA,90015,NA,NA,6.8
395,Ostrich Farm,(213) 537-0657,1525 W Sunset Blvd,Los Angeles,CA,90026,4.5,41,8.94
396,Rodeo Mexican Grill,(213) 483-8390,1721 W Olympic Blvd,Los Angeles,CA,90015,4.5,41,7.63
397,Seoul Garden Restaurant,(213) 386-8477,1833 W Olympic Blvd,Los Angeles,CA,90006,4.5,40,7.48
398,Two Boots Pizza,(213) 413-2668,1818 W Sunset Blvd,Los Angeles,CA,90026,NA,NA,NA
399,Luck Thai Cuisine,(213) 389-2893,524 S Occidental Blvd,Los Angeles,CA,90057,3.5,4,6.65
400,The Hungry Pig,(213) 387-7787,2920 W Temple St,Los Angeles,CA,90026,NA,NA,NA
401,Shibucho,(213) 387-8498,3114 Beverly Blvd,Los Angeles,CA,90057,4.5,4,7.13
402,O B Bear,(213) 480-4910,3002 W 7th St,Los Angeles,CA,90005,4.0,11,NA
403,Moodaepo II,(213) 381-9990,3014 W 7th St,Los Angeles,CA,90005,4.5,15,7.49
404,Mariscos Quatro Vientos,(323) 266-4045,3000 E Olympic Blvd,Los Angeles,CA,90023,5.0,8,NA
405,El Restaurant,(213) 389-2520,1250 S Catalina St,Los Angeles,CA,90006,NA,NA,NA
406,Cho Man Won,(213) 249-9900,2881 W Olympic Blvd,Los Angeles,CA,90006,NA,NA,NA
407,Yung Suk Kim Sanya Restaurant,(213) 383-1144,2897 W Olympic Blvd,Los Angeles,CA,90006,3.5,2,5.81
408,Nam Dae Moon Jip Restaurant,(213) 385-4249,3470 W 6th St,Los Angeles,CA,90020,NA,NA,6.19
409,Yangji Gamjatang,(213) 388-1105,3470 W 6th St,Los Angeles,CA,90020,4.0,2,5.54
410,EMC Seafood & Rawbar,(213) 351-9988,3500 W 6th St Ste 101,Los Angeles,CA,90020,4.5,83,8.21
411,Mornings Night,(323) 664-8811,1523 Griffith Park Blvd,Los Angeles,CA,90026,NA,NA,NA
412,Lotus on Flower,(213) 478-0090,3742 S Flower St,Los Angeles,CA,90007,2.0,2,NA
413,Bulan Thai Vegetarian Kitchen,(323) 913-1488,4114 Santa Monica Blvd,Los Angeles,CA,90029,4.5,15,7.51
414,O Banh Mi,(323) 665-1941,1997 Hyperion Ave,Los Angeles,CA,90027,4.0,2,NA
415,Thank U Pho,(213) 380-3223,3522 W 8th St,Los Angeles,CA,90005,4.5,3,7.11
416,Kpl Group,(323) 737-9292,1040 S Western Ave,Los Angeles,CA,90006,NA,NA,NA
417,SomiSomi,(213) 568-3284,621 S Western Ave,Los Angeles,CA,90005,4.5,27,7.89
418,Wat Dong Moon Lek Noodle,(323) 666-5993,4356 Fountain Ave,Los Angeles,CA,90029,5.0,10,8.3
419,El Sabor K-Tracho,(323) 233-2806,4181 S Figueroa St,Los Angeles,CA,90037,NA,NA,NA
420,Tip's House,(213) 387-2671,3970 W 6th St,Los Angeles,CA,90020,4.5,5,NA
421,T = Fish,(213) 380-3385,301 S Western Ave,Los Angeles,CA,90020,NA,NA,NA
422,Chinatown Express,(213) 383-1559,252 S Western Ave,Los Angeles,CA,90004,NA,NA,5.79
423,Kabayo Cham Bada,(323) 645-7668,201 N Western Ave,Los Angeles,CA,90004,NA,NA,NA
424,Hwang Hae Doe,(323) 468-3839,429 N Western Ave Ste 7,Los Angeles,CA,90004,4.5,2,NA
425,Little Beijing,(323) 222-8878,3106 N Eastern Ave,Los Angeles,CA,90032,NA,NA,NA
426,Yoshinoya,(323) 258-4142,3081 N San Fernando Rd,Los Angeles,CA,90065,NA,NA,5.05
427,Asava Thai,(323) 466-1122,970 N Western Ave,Los Angeles,CA,90029,NA,NA,NA
428,Anarbagh,(323) 660-8800,4656 Franklin Ave,Los Angeles,CA,90027,4.0,6,6.87
429,Dave's Deli & Catering,(323) 265-3555,213 S Mednik Ave,Los Angeles,CA,90022,NA,NA,NA
430,Barbeque King,(323) 750-1064,5309 S Vermont Ave,Los Angeles,CA,90037,4.5,5,7.3
431,Andy's Pizzeria And Mexican Food,(323) 537-2240,6700 S Central Ave,Los Angeles,CA,90001,NA,NA,NA
432,Sun Hai Inn Restaurant,(323) 666-5637,3176 Los Feliz Blvd,Los Angeles,CA,90039,NA,NA,6.35
433,Salsitas Picante Restaurant,(323) 766-9145,3026 W Jefferson Blvd,Los Angeles,CA,90018,NA,NA,NA
434,Sicha Siam Restaurant,(323) 344-8285,4403 Eagle Rock Blvd,Los Angeles,CA,90041,5.0,1,NA
435,I Panini Di Ambra,(323) 463-1200,5633 Hollywood Blvd,Los Angeles,CA,90028,NA,NA,NA
436,California Roll & Sushi,(323) 666-1266,2919 Los Feliz Blvd,Los Angeles,CA,90039,4.0,4,6.1
437,Tacos Ensenada,(323) 980-9737,5161 Pomona Blvd,Los Angeles,CA,90022,NA,NA,8.18
438,Atlantic Restaurant,(323) 981-0240,630 S Atlantic Blvd,Los Angeles,CA,90022,NA,NA,NA
439,Chalios Mexican Restaurant,(323) 262-3456,760 S Atlantic Blvd,Los Angeles,CA,90022,NA,NA,7.55
440,Crenshaw Fish Market,(323) 734-6191,3407 Crenshaw Blvd,Los Angeles,CA,90016,NA,NA,NA
441,La Brea Ramen Bar,(323) 549-9486,850 S La Brea Ave,Los Angeles,CA,90036,NA,NA,6.45
442,Smoke's Poutinerie,(323) 745-0267,1552 N Cahuenga Blvd,Los Angeles,CA,90028,NA,NA,NA
443,Cafe Midi,(323) 939-9860,148 S La Brea Ave,Los Angeles,CA,90036,4.5,26,NA
444,Abby's Diner,(323) 257-2229,4862 Eagle Rock Blvd,Los Angeles,CA,90041,4.0,5,7.04
445,Yuko Kitchen,(323) 933-4020,5484 Wilshire Blvd,Los Angeles,CA,90036,4.0,43,8.96
446,Mama Soul Food,(323) 934-6262,5068 W Pico Blvd,Los Angeles,CA,90019,NA,NA,NA
447,Collins Fish Market,(323) 732-6155,4873 W Adams Blvd,Los Angeles,CA,90016,NA,NA,NA
448,Next Door Lounge,(323) 465-5505,1154 N Highland Ave,Los Angeles,CA,90038,4.0,15,7.46
449,Jameson's Irish Pub,(323) 798-5360,6681 Hollywood Blvd,Los Angeles,CA,90028,3.5,144,8.05
450,Classic Thai Restaurant,(323) 478-0530,1708 Colorado Blvd,Los Angeles,CA,90041,4.5,14,6.28
451,Hong Kong Express,(323) 298-7480,3278 W Slauson Ave,Los Angeles,CA,90043,NA,NA,NA
452,Hungry Harold's,(323) 299-1817,3453 W Slauson Ave,Los Angeles,CA,90043,3.0,3,NA
453,Green Tea House Chinese Restaurant,(323) 874-6777,7226 W Sunset Blvd,Los Angeles,CA,90046,4.0,1,NA
454,Tusquellas Fish & Oyster Bar,(323) 939-2078,6333 W 3rd St  Farmers Market   Stall 43,Los Angeles,CA,90036,3.5,29,NA
455,Loteria Grill,(323) 930-2211,6333 W 3rd St,Los Angeles,CA,90036,4.0,142,NA
456,Joom Bangkok Cafe,(323) 938-9650,"7825 Beverly Blvd, #2",Los Angeles,CA,90036,3.5,9,7.06
457,Prime Pizza,(323) 852-1188,446 N Fairfax Ave,Los Angeles,CA,90036,4.5,20,8.04
458,Sofi Greek Restaurant,(323) 651-0346,8030 3/4 W 3rd St,Los Angeles,CA,90048,NA,NA,NA
459,Simplethings Sandwich-Pie Shop,(323) 592-3390,8310 W 3rd St,Los Angeles,CA,90048,NA,NA,NA
460,Nick's Coffee Shop & Deli,(310) 652-3567,8536 W Pico Blvd,Los Angeles,CA,90035,4.5,43,8.32
461,The Bazaar by Jose Andres,(310) 246-5555,465 S La Cienega Blvd,Los Angeles,CA,90048,4.5,3,NA
462,Little Kingston Jamaican Restaurant,(323) 295-5596,4716 W Slauson Ave,Los Angeles,CA,90056,4.0,7,7.42
463,Dolce Isola,(310) 776-7070,2869 S Robertson Blvd,Los Angeles,CA,90034,4.5,9,8.12
464,Sushiko,(310) 274-3474,9340 W Pico Blvd,Los Angeles,CA,90035,4.5,19,7.16
465,Melanee Thai,(310) 273-4066,9562 W Pico Blvd,Los Angeles,CA,90035,4.5,25,NA
466,Super Pho & Teriyaki,(310) 204-2829,10953 Venice Blvd,Los Angeles,CA,90034,NA,NA,NA
467,Carmines II,(310) 441-4706,10463 Santa Monica Blvd,Los Angeles,CA,90025,4.0,42,6.84
468,The Ramen Joint,(424) 227-9328,6220 W 87th St,Los Angeles,CA,90045,4.5,40,7.74
469,Fresh Corn Grill,(310) 470-0414,1510 Westwood Blvd,Los Angeles,CA,90024,4.5,67,8.43
470,Westwood Thai Cafe,(310) 477-7031,1375 Westwood Blvd,Los Angeles,CA,90024,4.0,18,7.05
471,Curry House Restaurant,(310) 479-8477,2130 Sawtelle Blvd Ste 200,Los Angeles,CA,90025,NA,NA,NA
472,Ronnie's Diner,(310) 578-9399,12740 Culver Blvd Ste J,Los Angeles,CA,90066,4.0,37,8.23
473,Flores and The Ladies' Gunboat Society,(424) 273-6469,2024 Sawtelle Blvd,Los Angeles,CA,90025,NA,NA,NA
474,Mori Sushi,(310) 479-3939,11500 W Pico Blvd,Los Angeles,CA,90064,4.0,18,7.81
475,Thai Talay,(310) 670-3055,8411 Lincoln Blvd,Los Angeles,CA,90045,4.0,54,NA
476,Siam Chan Restaurant,(310) 444-4981,1611 Colby Ave,Los Angeles,CA,90025,3.5,14,NA
477,Ekkamai Thai Restaurant,(310) 827-2777,13223 W Washington Blvd,Los Angeles,CA,90066,4.0,45,7.47
478,Le Saigon,(310) 312-2929,11611 Santa Monica Blvd,Los Angeles,CA,90025,NA,NA,NA
479,Hamakaze,(310) 822-9900,13327 W Washington Blvd,Los Angeles,CA,90066,4.5,28,8.02
480,Sakura House,(310) 306-7010,13362 W Washington Blvd,Los Angeles,CA,90066,4.5,20,8.11
481,Corner Grill,(818) 273-9332,6585 Foothill Blvd  Tujunga,Los Angeles,CA,91042,4.5,5,NA
482,Regent China Inn,(213) 680-3333,747 N Main St,Los Angeles,CA,90012,NA,NA,NA
483,Rick's Fish and Seafood Market,(323) 937-4180,4750 W Washington Blvd,Los Angeles,CA,90016,4.0,2,6.3
484,"Cole's, Originators of the French Dip Sandwich",(213) 622-4090,118 E 6th St,Los Angeles,CA,90014,4.0,175,8.55
485,Los Angeles Airport Marriott,(310) 641-5700,5855 W Century Blvd,Los Angeles,CA,90045,4.0,3438,7.04
486,Redbird,(213) 788-1191,114 E 2nd St,Los Angeles,CA,90012,4.5,267,8.77
487,Traxx Restaurant,(323) 470-7094,800 N Alameda St,Los Angeles,CA,90012,4.0,109,7.19
488,Little Jewel of New Orleans,(213) 620-0461,207 Ord St,Los Angeles,CA,90012,4.5,108,8.98
489,Hangari Kalguksu,(213) 388-2326,3470 W 6th St Ste 9,Los Angeles,CA,90020,4.5,34,8.7
490,Lemonade,(213) 821-3491,3601 Trousdale Pkwy,Los Angeles,CA,90089,NA,NA,7.09
491,Lemon Tree Kids & Family Restaurant,(213) 380-0038,621 S Western Ave Ste 111,Los Angeles,CA,90005,NA,NA,7.05
492,Il Capriccio on Vermont,(323) 662-5900,1757 N Vermont Ave,Los Angeles,CA,90027,4.5,103,8.31
493,The Palace,(323) 667-1595,2112 Hillhurst Ave,Los Angeles,CA,90027,NA,NA,NA
494,Saint Felix,(323) 469-5001,1602 N Cahuenga Blvd,Los Angeles,CA,90028,4.5,41,7.73
495,LACMA Cafe,(323) 932-5895,5905 Wilshire Blvd,Los Angeles,CA,90036,4.0,116,8.78
496,Meshuga 4 Sushi,(310) 271-5050,8948 W Pico Blvd,Los Angeles,CA,90035,4.0,16,6.93
497,Kura Revolving Sushi Bar,(310) 597-4490,2130 Sawtelle Blvd Ste 111,Los Angeles,CA,90025,4.5,42,6.72
498,Tsujita LA Artisan Noodle,(310) 231-7373,2057 Sawtelle Blvd,Los Angeles,CA,90025,4.0,175,8.61
499,Koraku,(213) 687-4972,314 E 2nd St,Los Angeles,CA,90012,4.0,43,7.51
500,Simbal Restaurant,(213) 626-0244,319 E 2nd St,Los Angeles,CA,90012,NA,NA,NA
501,Zencu Sushi & Grill,(213) 687-7780,319 E 2nd St Ste 206,Los Angeles,CA,90012,4.0,22,7.83
502,Mitsuru Cafe,(213) 613-1028,117 Japanese Village Plaza Mall,Los Angeles,CA,90012,4.0,34,7.82
503,Korean Kitchen Hibachi Barbeque,(213) 680-1039,135 Japanese Village Plaza Mall,Los Angeles,CA,90012,4.5,18,6.05
504,Orsa & Winston,(213) 687-0300,122 W 4th St,Los Angeles,CA,90013,4.5,58,8.12
505,The Bunker Hill Bar & Grill,(213) 688-2988,601 E 5th St,Los Angeles,CA,90013,NA,NA,NA
506,McCormick & Schmick's,(213) 629-1929,633 W 5th St,Los Angeles,CA,90071,NA,NA,NA
507,Drago Centro,(213) 228-8998,525 S Flower St Ste 120,Los Angeles,CA,90071,4.0,287,NA
508,Octopus,(213) 402-1500,729 W 7th St,Los Angeles,CA,90017,NA,NA,NA
509,800 Degrees Neapolitan Pizzeria,(213) 542-3790,800 Wilshire Blvd,Los Angeles,CA,90017,NA,NA,NA
510,Tokyo Sakura & Noodles,(213) 613-1003,333 S Alameda St,Los Angeles,CA,90013,4.0,13,6.03
511,Faith & Flower,(213) 239-0642,705 W 9th St,Los Angeles,CA,90015,4.5,262,NA
512,Tong Sing Chinese Restaurant,(323) 266-0133,305 N Soto St,Los Angeles,CA,90033,NA,NA,NA
513,Mountain Cafe,(213) 487-7615,3064 W 8th St,Los Angeles,CA,90005,4.5,8,NA
514,Jims Drive In,(323) 264-0741,3200 E Olympic Blvd,Los Angeles,CA,90023,NA,NA,NA
515,Alimento,(323) 928-2888,1710 Silver Lake Blvd,Los Angeles,CA,90026,4.0,68,8.53
516,Island Pacific Market,(213) 384-3874,225 S Vermont Ave,Los Angeles,CA,90004,NA,NA,NA
517,Dan Sung Sa,(213) 487-9100,3317 W 6th St,Los Angeles,CA,90020,4.0,15,8.34
518,Kowloon Dimsum,(213) 386-1838,223 S Vermont Ave,Los Angeles,CA,90004,4.0,1,5.62
519,Teriyaki House,(213) 380-8878,3560 W 1st St,Los Angeles,CA,90004,NA,NA,NA
520,My Thai,(213) 738-8849,3407 W 6th St,Los Angeles,CA,90020,4.5,5,8.03
521,Escala,(213) 387-1113,3451 W 6th St,Los Angeles,CA,90020,3.5,25,7.25
522,Snow LA Shavery,(213) 382-1790,3470 W 6th St Ste 2B,Los Angeles,CA,90020,4.5,4,NA
523,Restaurants,(323) 998-0262,2820 S Vermont Ave,Los Angeles,CA,90007,NA,NA,NA
524,Numero Uno,(213) 386-6884,3432 Wilshire Blvd,Los Angeles,CA,90010,3.0,6,NA
525,Mu Dung San BBQ,(323) 737-9292,1040 S Western Ave,Los Angeles,CA,90006,NA,NA,NA
526,El Palomar,(323) 734-7131,1400 S Western Ave,Los Angeles,CA,90006,NA,NA,NA
527,The Bun Shop,(323) 468-1031,151 N Western Ave,Los Angeles,CA,90004,4.5,25,7.3
528,Gon Ji Am,(323) 469-4648,4653 Beverly Blvd,Los Angeles,CA,90004,NA,NA,7.77
529,Restaurante Puerto La Union,(323) 373-0429,3811 W Pico Blvd,Los Angeles,CA,90019,NA,NA,NA
530,En Sushi,(323) 664-1891,1972 Hillhurst Ave,Los Angeles,CA,90027,4.0,10,NA
531,Pa Ord Noodle,(323) 461-3945,5301 W Sunset Blvd,Los Angeles,CA,90027,4.5,73,8.41
532,China Wok,(323) 954-8486,1527 Crenshaw Blvd,Los Angeles,CA,90019,2.5,2,NA
533,Crispy Pork Gang,(323) 465-9796,5253 Hollywood Blvd,Los Angeles,CA,90027,3.5,9,5.75
534,Vim Thai Restaurant,(323) 464-2345,5784 Melrose Ave,Los Angeles,CA,90038,NA,NA,NA
535,OK Chinese Restaurant,(323) 259-2414,6320 N Figueroa St,Los Angeles,CA,90042,3.0,3,NA
536,La Poubelle,(323) 465-0807,5907 Franklin Ave,Los Angeles,CA,90028,3.5,70,7.77
537,Mi Tierra Restaurant,(323) 726-9152,5949 Whittier Blvd,Los Angeles,CA,90022,NA,NA,NA
538,Chowking,(323) 254-4689,2700 Colorado Blvd,Los Angeles,CA,90041,5.0,1,6.4
539,Rosa's Bella Cucina,(323) 201-2677,6230 Wilshire Blvd Ste A,Los Angeles,CA,90048,NA,NA,NA
540,Cooks County,(323) 653-8009,8009 Beverly Blvd,Los Angeles,CA,90048,NA,NA,NA
541,Vien Cafe,(323) 651-2888,6118 W Pico Blvd,Los Angeles,CA,90035,3.5,7,NA
542,North End Pizzeria,(310) 358-9400,8514 W 3rd St,Los Angeles,CA,90048,NA,NA,8.0
543,K & A Canton Restaurant,(310) 202-7209,9840 National Blvd,Los Angeles,CA,90034,3.0,2,5.61
544,Phorage,(310) 876-0910,3300 Overland Ave,Los Angeles,CA,90034,4.0,18,6.93
545,Chilli Thai,(310) 441-9443,10889 W Pico Blvd,Los Angeles,CA,90064,4.0,17,5.71
546,A La Carte Thai Bistro,(310) 390-9905,12404 W Washington Blvd,Los Angeles,CA,90066,4.5,10,6.71
547,Butcher's Dog,(310) 444-2929,11301 W Olympic Blvd,Los Angeles,CA,90064,3.5,7,6.55
548,Kimukatsu,(310) 477-1129,2121 Sawtelle Blvd,Los Angeles,CA,90025,4.0,16,NA
549,Literati Cafe,(310) 231-7484,12081 Wilshire Blvd,Los Angeles,CA,90025,4.0,61,7.41
550,Honey Pig,(213) 380-0256,3400 W 8th St,Los Angeles,CA,90005,4.0,34,8.17
551,China Bowl Express,(323) 296-1658,4134 Crenshaw Blvd,Los Angeles,CA,90008,NA,NA,NA
552,La Fonda,(213) 380-5055,2501 Wilshire Blvd,Los Angeles,CA,90057,4.0,9,NA
553,Talay Thai Restaurant,(310) 477-3189,11314 Santa Monica Blvd,Los Angeles,CA,90025,4.5,15,6.34
554,Tray Dtla,(213) 628-3059,100 S Main St,Los Angeles,CA,90012,NA,NA,NA
555,The Halal Guys,(213) 628-3072,510 W 7th St,Los Angeles,CA,90014,4.0,4,NA
556,Boardner's,(323) 462-9621,1652 N Cherokee Ave,Los Angeles,CA,90028,5.0,20,7.77
557,Sushi A Go Go,(323) 930-7874,6333 W 3rd St,Los Angeles,CA,90036,4.5,749,6.06
558,Vegan Glory,(323) 653-4900,8393 Beverly Blvd,Los Angeles,CA,90048,4.0,52,8.56
559,Dave & Buster's Los Angeles - Westchester,(310) 846-9950,6081 Center Dr,Los Angeles,CA,90045,3.5,55,7.01
560,Wok Inn Restaurant,(213) 613-0738,201 N Los Angeles St Ste 102,Los Angeles,CA,90012,NA,NA,NA
561,Ebisu Restaurants,(213) 613-1644,356 E 2nd St,Los Angeles,CA,90012,4.5,16,NA
562,Lawry's Carvery,(213) 222-2212,1011 S Figueroa St,Los Angeles,CA,90015,NA,NA,NA
563,Ok Chinese Restaurant,(323) 780-1961,2331 E 4th St,Los Angeles,CA,90033,NA,NA,NA
564,Five Star Chinese Food,(323) 276-1269,2706 N Broadway,Los Angeles,CA,90031,5.0,1,NA
565,Le Blanc Cafe,(323) 222-5705,2834 N Broadway,Los Angeles,CA,90031,NA,NA,NA
566,A-Won Japanese Restaurant,(213) 389-6764,913 S Vermont Ave,Los Angeles,CA,90006,4.0,14,7.69
567,Lamill Coffee,(323) 663-4441,1636 Silver Lake Blvd,Los Angeles,CA,90026,4.0,52,8.41
568,Sake House,(213) 389-4000,3465 W 6th St,Los Angeles,CA,90020,5.0,8,6.29
569,Byul Gobchang,(213) 739-0321,3819 W 6th St,Los Angeles,CA,90020,4.5,2,7.33
570,Yoshinoya,(213) 384-1557,4202 Beverly Blvd,Los Angeles,CA,90004,NA,NA,5.39
571,Sweetgreen,(323) 934-3404,8055 W 3rd St,Los Angeles,CA,90048,4.5,23,9.07
572,Spoke Bicycle Cafe,(323) 684-1130,3050 N Coolidge Ave,Los Angeles,CA,90039,5.0,12,NA
573,Bowery Bungalow,(323) 663-1500,4156 Santa Monica Blvd,Los Angeles,CA,90029,4.5,27,8.11
574,Versailles Restaurant,(310) 558-3168,10319 Venice Blvd,Los Angeles,CA,90034,4.0,169,NA
575,Papilles Bistro,(323) 871-2026,6221 Franklin Ave,Los Angeles,CA,90028,4.5,55,NA
576,La Abeja Restaurant,(323) 221-0474,3700 N Figueroa St,Los Angeles,CA,90065,5.0,11,NA
577,LA Rose Cafe,(323) 662-4024,4749 Fountain Ave,Los Angeles,CA,90029,4.5,53,7.91
578,Benny's Tacos & Chicken Rotisserie,(310) 670-8226,7101 W Manchester Ave,Los Angeles,CA,90045,4.0,46,8.49
579,Elf Cafe,(213) 484-6829,2135 W Sunset Blvd,Los Angeles,CA,90026,4.5,47,NA
580,Mexicali Taco & Co.,(213) 613-0416,702 N. Figueroa Street,Los Angeles,CA,90012,4.5,20,8.24
581,Stella Barra Pizzeria & Wine Bar,(323) 301-4001,6372 W Sunset Blvd,Los Angeles,CA,90028,4.5,48,8.38
582,Pizzanista!,(213) 627-1430,2019 E 7th St,Los Angeles,CA,90021,4.5,25,7.91
583,Cafe Brasil,(310) 391-1216,11736 W Washington Blvd,Los Angeles,CA,90066,4.5,47,8.51
584,Suehiro Cafe,(213) 626-9132,337 E 1st St,Los Angeles,CA,90012,4.0,64,7.8
585,Espresso Profeta,(310) 208-3375,1129 Glendon Ave,Los Angeles,CA,90024,4.5,25,8.45
586,Coffee Commissary,(323) 782-1465,801 N Fairfax Ave,Los Angeles,CA,90046,4.5,27,8.16
587,Sugarfish,(323) 320-4800,6115 W Sunset Blvd,Los Angeles,CA,90028,4.5,25,8.21
588,Flore Vegan Cuisine,(323) 953-0611,3818 W Sunset Blvd,Los Angeles,CA,90026,4.5,24,8.44
589,Cafe Demitasse,(213) 613-9300,135 S San Pedro St,Los Angeles,CA,90012,4.5,32,NA
590,Skylight Gardens,(310) 824-1818,1139 Glendon Ave,Los Angeles,CA,90024,4.0,116,7.26
591,A Votre Sante,(310) 451-1813,13016 San Vicente Blvd,Los Angeles,CA,90049,4.0,48,NA
592,Evo Kitchen,(323) 375-3390,7950 W Sunset Blvd Ste 104,Los Angeles,CA,90046,4.5,55,NA
593,Eduardo's Border Grill,(310) 475-2410,1830 Westwood Blvd,Los Angeles,CA,90025,4.5,17,7.53
594,HomeState,(323) 906-1122,4624 Hollywood Blvd,Los Angeles,CA,90027,4.5,50,9.03
595,Nature's Brew,(213) 741-9393,2316 S Union Ave,Los Angeles,CA,90007,5.0,17,8.11
596,Tacos Delta,(323) 664-2848,3806 W Sunset Blvd,Los Angeles,CA,90026,4.5,17,7.88
597,Shaky Alibi,(323) 938-5282,7401 Beverly Blvd,Los Angeles,CA,90036,4.5,23,7.43
598,Attari Sandwich Shop,(310) 441-5488,1388 Westwood Blvd,Los Angeles,CA,90024,4.5,32,NA
599,The Fat Dog,(323) 951-0030,801 N Fairfax Ave,Los Angeles,CA,90046,4.5,34,NA
600,Open Sesame,(323) 525-1698,7458 Beverly Blvd,Los Angeles,CA,90036,4.5,50,7.8
601,Hop Woo Barbeque Restaurant,(213) 617-3038,845 N Broadway,Los Angeles,CA,90012,3.5,54,6.16
602,Wolfgang Puck Bar & Grill,(213) 748-9700,800 W Olympic Blvd,Los Angeles,CA,90015,4.0,350,6.21
603,D's Original Take Out Grill,(323) 971-3663,7873 S Western Ave,Los Angeles,CA,90047,NA,NA,NA
604,En Sushi,(310) 477-1551,11651 Santa Monica Blvd,Los Angeles,CA,90025,3.5,31,7.68
605,Panda Hut,(213) 622-7799,404 S Figueroa St,Los Angeles,CA,90071,NA,NA,NA
606,New Moon,(213) 624-0186,102 W 9th St,Los Angeles,CA,90015,NA,NA,6.73
607,Bangkok palace,(213) 483-6913,343 Glendale Blvd,Los Angeles,CA,90026,NA,NA,NA
608,El Taurino,(213) 738-9197,1104 S Hoover St,Los Angeles,CA,90006,4.0,49,8.03
609,Vim Thai-Chinese Restaurant,(213) 386-2338,831 S Vermont Ave,Los Angeles,CA,90005,NA,NA,NA
610,Jin Hung Gak,(213) 386-4588,928 S Western Ave,Los Angeles,CA,90006,NA,NA,NA
611,Hong Kong Kitchen,(323) 222-2369,5088 Valley Blvd,Los Angeles,CA,90032,NA,NA,NA
612,China Express,(323) 663-1228,5070 W Sunset Blvd,Los Angeles,CA,90027,5.0,1,NA
613,Shanghai Diamond Garden,(310) 553-0998,9401 W Pico Blvd,Los Angeles,CA,90035,4.0,32,NA
614,Sholeh Restaurant,(310) 444-0045,11330 Santa Monica Blvd,Los Angeles,CA,90025,NA,NA,NA
615,800 Degrees Neapolitan Pizzeria,(310) 258-9536,380 World Way,Los Angeles,CA,90045,NA,NA,NA
616,Dickey's Barbecue Pit,(818) 527-2271,9035 Reseda Blvd,Los Angeles,CA,91324,NA,NA,NA
617,The Palm - L.A. Downtown,(213) 763-4600,1100 S Flower St,Los Angeles,CA,90015,4.5,256,8.41
618,Mastro's Ocean Club,(213) 204-6842,1200 S Figueroa St,Los Angeles,CA,90015,2.0,2,NA
619,Mama Shelter Los Angeles,(323) 785-6600,6500 Selma Ave,Los Angeles,CA,90028,4.0,828,9.03
620,Mike's Deli,(323) 298-5960,4859 W Slauson Ave,Los Angeles,CA,90056,4.5,16,9.06
621,Lenzini's Pizza,(310) 559-8241,3500 Overland Ave 120,Los Angeles,CA,90034,4.5,6,6.8
622,Lumière,(310) 424-3031,2025 Avenue Of The Stars,Los Angeles,CA,90067,4.0,4,NA
623,The Proud Bird Food Bazaar & Events Center,(310) 670-3093,11022 Aviation Blvd,Los Angeles,CA,90045,4.0,230,7.3
624,Baltaire Restaurant,(424) 273-1660,11647 San Vicente Blvd,Los Angeles,CA,90049,4.0,138,9.1
625,The Mighty,(213) 278-0025,108 W 2nd St Apt 105,Los Angeles,CA,90012,NA,NA,NA
626,Kasih,(213) 266-8156,200 S Los Angeles St Ste B,Los Angeles,CA,90012,4.5,14,NA
627,Jin China Bistro,(213) 620-1717,123 Astronaut E S Onizuka St,Los Angeles,CA,90012,3.0,1,NA
628,Kura Revolving Sushi Bar,(213) 290-9631,333 E 2nd St,Los Angeles,CA,90012,4.0,77,NA
629,Sari Sari Store,(323) 320-4020,317 S Broadway,Los Angeles,CA,90013,4.5,31,8.49
630,Oomasa,(213) 623-9048,100 Japanese Village Plaza Mall,Los Angeles,CA,90012,4.5,123,7.93
631,Spitz Little Tokyo,(213) 613-0101,371 E 2nd St,Los Angeles,CA,90012,NA,NA,8.28
632,Grand Cafe @ Omni Los Angeles,(213) 356-4155,251 S Olive St,Los Angeles,CA,90012,4.0,65,5.51
633,Buddy's,(213) 265-7022,363 S Broadway # CA,Los Angeles,CA,90013,4.0,1,NA
634,Johnny Rockets,(213) 687-8206,131 S Central Ave,Los Angeles,CA,90012,NA,NA,6.8
635,Mendocino Farms,(213) 620-1114,300 S Grand Ave,Los Angeles,CA,90071,4.5,87,8.33
636,Abernethy's,(213) 972-8088,220 N Hope St,Los Angeles,CA,90012,3.0,5,7.92
637,Mrs. Fish,(213) 873-4444,448 S Hill St,Los Angeles,CA,90013,4.5,30,7.93
638,Propaganda Wine Bar,(213) 947-3200,950 E 3rd Street  Los Angeles  90013,Los Angeles,CA,90013,NA,NA,NA
639,Okipoki,(213) 628-3378,507 S Spring St,Los Angeles,CA,90013,NA,NA,7.59
640,Au Lac,(213) 617-2533,710 W 1st St,Los Angeles,CA,90012,4.5,106,7.61
641,Pbj. La,(323) 879-3440,317 South Broadway  Grand Central Market,Los Angeles,CA,90013,4.0,9,6.88
642,Jose Chiquito Restaurant,(213) 680-3363,317 S Broadway  A-6,Los Angeles,CA,90013,4.0,5,NA
643,Dickey's Barbecue Pit,(213) 278-0131,541 S Spring St,Los Angeles,CA,90013,NA,NA,NA
644,Coco Fresh Tea & Juice,(213) 372-5532,521 S Olive St,Los Angeles,CA,90013,NA,NA,6.73
645,Palikao,(213) 265-7006,130 E 6th St,Los Angeles,CA,90014,5.0,1,NA
646,71Above Restaurant and Skylounge,(213) 712-2683,633 E 5th St,Los Angeles,CA,90013,4.0,245,NA
647,Inko Nito,(310) 999-0476,225-227 S Garey St,Los Angeles,CA,90012,4.5,23,6.74
648,Joe's Pizza,(213) 988-8848,613 S Spring St,Los Angeles,CA,90014,4.5,7,6.05
649,Veggie Grill,(213) 905-4500,523 W 6th St,Los Angeles,CA,90014,5.0,2,8.18
650,Lakeview Bistro,(213) 612-4897,404 S Figueroa St,Los Angeles,CA,90071,4.0,37,5.93
651,Lemonade,(213) 488-0299,505 S Flower St,Los Angeles,CA,90071,NA,NA,NA
652,East Garden,(213) 935-8300,750 N Hill St Ste F,Los Angeles,CA,90012,3.5,9,NA
653,Asian Box,(213) 265-7955,445 S Figueroa St,Los Angeles,CA,90071,3.5,6,NA
654,Per L’Ora,(213) 358-0000,649 S Olive St,Los Angeles,CA,90014,NA,NA,NA
655,K V V,(213) 623-7393,515 W 7th St,Los Angeles,CA,90014,5.0,7,NA
656,Civilization Coffee Plus Kitchen,(213) 988-7032,724 S Spring St  Corporation Food Hall,Los Angeles,CA,90014,5.0,4,NA
657,Steak-Out,(213) 266-8103,518 W 7th St,Los Angeles,CA,90014,4.0,8,NA
658,JINYA Ramen Bar - Downtown LA,(213) 628-3736,700 Wilshire Blvd Ste B,Los Angeles,CA,90017,4.0,9,7.98
659,Sweet Fin Poke,(213) 599-8050,735 W 7th St,Los Angeles,CA,90017,5.0,4,NA
660,Fisherman's Outlet,(213) 627-7231,529 S Central Ave,Los Angeles,CA,90013,4.5,48,7.82
661,Joey Dtla,(213) 372-5335,700 W 7th St Ste S430,Los Angeles,CA,90017,4.5,76,7.98
662,JOEY Restaurants,(213) 372-5335,700 W 7th St,Los Angeles,CA,90017,NA,NA,NA
663,Hatch,(213) 282-9070,700 W 7th St Ste G600,Los Angeles,CA,90017,4.5,17,6.93
664,Fundamental,(213) 935-8180,750 S Grand Ave Ste 30,Los Angeles,CA,90017,4.5,10,8.04
665,District,(213) 612-3185,711 S Hope St,Los Angeles,CA,90017,4.5,104,7.07
666,Poppy + Rose,(213) 995-7799,765 Wall St,Los Angeles,CA,90014,4.5,53,8.51
667,The Exchange Restaurant,(213) 395-9531,416 W 8th St,Los Angeles,CA,90014,4.0,48,7.78
668,Broken Shaker,(213) 612-0021,416 W 8th St,Los Angeles,CA,90014,4.0,29,7.99
669,Shibumi,(323) 484-8915,815 S Hill St,Los Angeles,CA,90014,4.0,20,8.63
670,La Boucherie,(213) 688-7777,900 Wilshire Blvd Fl 71,Los Angeles,CA,90017,4.0,64,6.49
671,Dekkadance,(213) 688-7777,900 Wilshire Blvd Fl 69,Los Angeles,CA,90017,4.0,53,6.17
672,Sora,(213) 688-7777,900 Wilshire Blvd 69th Fl,Los Angeles,CA,90017,4.0,25,NA
673,In A Bun - Broadway,(213) 223-2471,852 S Broadway  C,Los Angeles,CA,90014,NA,NA,NA
674,Krispy Rice - Broadway,(213) 223-2474,852 S Broadway Ste 100,Los Angeles,CA,90014,NA,NA,NA
675,Kumi,(213) 223-2471,852 S Broadway,Los Angeles,CA,90014,NA,NA,NA
676,Stonie Bowls,(213) 223-2475,852 S Broadway,Los Angeles,CA,90014,NA,NA,NA
677,Gill's Cuisine of India,(213) 623-1050,838 S Grand Ave,Los Angeles,CA,90017,NA,NA,NA
678,Shojin,(213) 617-0305,333 S Alameda St Ste 310,Los Angeles,CA,90013,4.5,113,7.95
679,Tsurumaru Udon Honpo,(213) 625-0441,301 S Alameda St,Los Angeles,CA,90013,4.0,2,7.42
680,The Stocking Frame DTLA. Italian Restaurant & Pizzeria,(213) 488-0373,911 S Hill St,Los Angeles,CA,90015,4.0,39,8.14
681,Best Girl,(213) 235-9660,927 S Broadway,Los Angeles,CA,90015,4.0,35,6.58
682,The Burrow,(213) 623-9904,821 S Flower St,Los Angeles,CA,90017,5.0,6,7.53
683,Fogo de Chao,(213) 228-4300,800 S Figueroa St,Los Angeles,CA,90017,NA,NA,NA
684,Brera Ristorante,(213) 553-8006,1331 E 6th St,Los Angeles,CA,90021,4.5,94,NA
685,Teriyaki Madness,(213) 265-7290,1120 W 6th St Unit 105,Los Angeles,CA,90017,5.0,2,NA
686,Shayan Express,(213) 623-7000,945 Wall St Ste 6,Los Angeles,CA,90015,5.0,4,NA
687,The Capital Grille,(213) 228-4730,700 W 9th St Ste B,Los Angeles,CA,90015,4.5,5,NA
688,Rooftop Bar At The Standard Biergarten,(213) 892-8080,813 S Flower St Located In Wayfarer Downtown La,Los Angeles,CA,90017,NA,NA,NA
689,Metropole Bar & Kitchen,(213) 232-8866,899 Francisco St,Los Angeles,CA,90017,4.5,15,7.71
690,Cafe Fig,(213) 660-3006,939 S Figueroa St Unit 300,Los Angeles,CA,90015,4.0,5,NA
691,Dama,(213) 741-0612,612 E 11th St,Los Angeles,CA,90015,4.5,26,9.17
692,Palm Restaurant,(213) 763-4600,1100 S Flower St,Los Angeles,CA,90015,NA,NA,NA
693,LOCALA Kitchen + Bar,(213) 632-1210,1256 W 7th St,Los Angeles,CA,90017,5.0,5,NA
694,Samurai Hibachi Grill,(323) 799-6339,1013 W Olympic Blv  Olympic / Georgia,Los Angeles,CA,90015,5.0,2,NA
695,Tsubaki,(213) 900-4900,1356 Allison Ave,Los Angeles,CA,90026,4.5,10,8.44
696,Ototo,(213) 784-7930,1360 Allison Ave,Los Angeles,CA,90026,NA,NA,8.37
697,Yard House,(213) 745-9273,800 West Olympic Boulevard A-115,Los Angeles,CA,90015,4.0,707,NA
698,Pho Family Restaurant,(323) 222-0112,1025 N State St,Los Angeles,CA,90033,NA,NA,NA
699,Maya's Restaurant,(323) 225-2163,200 N Avenue 19,Los Angeles,CA,90031,NA,NA,NA
700,Baby Blues BBQ,(213) 529-4062,1901 W Sunset Blvd,Los Angeles,CA,90026,3.5,4,6.42
701,Cinnaholic,(323) 844-3944,2134 W Sunset Blvd Ste E,Los Angeles,CA,90026,4.5,6,8.38
702,Sushito Teriyaki Grill,(323) 991-9399,2605 E Cesar E Chavez Ave,Los Angeles,CA,90033,NA,NA,NA
703,Milpa Grille,(323) 269-2995,2633 E Cesar E Chavez Ave,Los Angeles,CA,90033,5.0,1,NA
704,Aymara Peruvian Kitchen,(323) 605-6208,242 N Avenue 25,Los Angeles,CA,90031,NA,NA,NA
705,Happy Taco,(213) 384-1309,1309 S Hoover St,Los Angeles,CA,90006,5.0,1,8.02
706,Tirebiter Brewery,(213) 536-5916,2502 S Figueroa St,Los Angeles,CA,90007,NA,NA,NA
707,Central Kitchen at The Lorenzo,(213) 908-2400,325 W Adams Blvd,Los Angeles,CA,90007,5.0,4,7.28
708,Woon,(213) 674-7434,2920 W Temple St,Los Angeles,CA,90026,NA,NA,NA
709,Bacari W. Adams,(213) 459-1899,2308 S Union Ave,Los Angeles,CA,90007,4.5,31,NA
710,Drnk,(213) 625-1345,2595 S Hoover St,Los Angeles,CA,90007,5.0,1,NA
711,Buffalo Wild Wings,(213) 201-6570,3150 Wilshire Blvd Ste 100,Los Angeles,CA,90010,4.5,4,7.5
712,Kura Revolving Sushi Bar,(213) 674-7127,3150 Wilshire Blvd Ste 114,Los Angeles,CA,90010,NA,NA,NA
713,Mixt,(415) 296-8009,3100 W Sunset Blvd,Los Angeles,CA,90026,NA,NA,NA
714,Chef Kang,(213) 351-9963,401 S Vermont Ave Ste 1,Los Angeles,CA,90020,4.5,9,6.18
715,LA Tofu House,(213) 315-5750,401 S Vermont Ave Ste 3,Los Angeles,CA,90020,NA,NA,NA
716,King of New York Pizzeria Pub,(213) 389-3500,3281 Wilshire Blvd,Los Angeles,CA,90010,4.5,12,NA
717,Yakuza Sushi,(323) 741-8282,1700 Silver Lake Blvd,Los Angeles,CA,90026,4.5,5,7.78
718,Surawon,(213) 383-7317,2833 W Olympic Blvd,Los Angeles,CA,90006,4.5,6,8.57
719,Aloha Market,(323) 734-3117,2404 S Vermont Ave,Los Angeles,CA,90007,NA,NA,NA
720,Bird's Nest Cafe,(323) 641-7986,2403 S Vermont Ave,Los Angeles,CA,90007,4.5,14,7.97
721,Hop Li Seafood Restaurant 62713,(213) 680-3939,526 Alpine St,Los Angeles,CA,90012,4.0,31,8.46
722,La Serenata Gourmet,(310) 441-9667,10924 W Pico Blvd,Los Angeles,CA,90064,4.0,23,7.22
723,Ilobasqueno Restaurant,(323) 468-0119,5027 Melrose Ave,Los Angeles,CA,90038,5.0,4,NA
724,Chan Dara,(323) 467-1052,310 N Larchmont Blvd,Los Angeles,CA,90004,3.5,34,NA
725,Natalee Thai Restaurant,(310) 855-9380,998 S Robertson Blvd,Los Angeles,CA,90035,4.0,23,8.4
726,Wako Donkasu,(213) 387-9256,2904 W Olympic Blvd,Los Angeles,CA,90006,4.0,10,7.44
727,Guido's,(310) 820-6649,11980 Santa Monica Blvd,Los Angeles,CA,90025,4.0,32,7.61
728,Sor Tino,(310) 442-8466,908 S Barrington Ave,Los Angeles,CA,90049,4.0,39,7.73
729,The Cellar,(310) 277-1584,1880 Century Park E,Los Angeles,CA,90067,4.5,7,6.31
730,Louigi's Italian Kitchen,(310) 477-4500,1644 Sawtelle Blvd,Los Angeles,CA,90025,4.0,30,5.43
731,Sushi Ajito,(323) 466-2460,1302 N Highland Ave,Los Angeles,CA,90028,4.5,7,6.31
732,Ondal,(213) 382-8844,3160 W 8th St,Los Angeles,CA,90005,5.0,7,7.25
733,Kombu Sushi,(323) 663-1048,3719 W Sunset Blvd,Los Angeles,CA,90026,4.5,5,7.56
734,Little China Restaurant,(323) 969-8838,3535 Cahuenga Blvd W Ste 107,Los Angeles,CA,90068,4.5,12,6.45
735,Shakey's Pizza Parlor,(323) 663-2145,5170 W Sunset Blvd,Los Angeles,CA,90027,4.0,17,NA
736,Meshuga 4 Sushi,(310) 271-5050,8948 W Pico Blvd,Los Angeles,CA,90035,4.0,16,6.93
737,Fresh Brothers Pizza Brentwood,(310) 826-0777,11740 San Vicente Blvd,Los Angeles,CA,90049,4.0,12,7.07
738,Billingsley's Restaurant,(310) 477-1426,11326 W Pico Blvd,Los Angeles,CA,90064,3.5,47,8.09
739,Simply Thai Restaurant,(323) 665-6958,1850 Hillhurst Ave,Los Angeles,CA,90027,4.0,14,6.89
740,Rincon Oaxaqueno Restaurant,(323) 957-2293,1544 N Western Ave,Los Angeles,CA,90027,4.5,15,6.07
741,Hunan Cafe,(323) 822-1208,7986 W Sunset Blvd,Los Angeles,CA,90046,4.5,13,7.94
742,Vespaio,(213) 221-7244,225 S Grand Ave,Los Angeles,CA,90012,3.5,174,7.75
743,Pa Ord Noodle Hollywood,(323) 464-2989,7075 W Sunset Blvd,Los Angeles,CA,90028,4.0,12,7.71
744,LA Burger Bar,(424) 278-1296,8581 W Pico Blvd,Los Angeles,CA,90035,4.0,26,7.7
745,Yakitoriya,(310) 479-5400,11301 W Olympic Blvd,Los Angeles,CA,90064,4.0,21,7.24
746,Musashiya Udon Noodles,(310) 208-5999,1049 Gayley Ave,Los Angeles,CA,90024,4.5,6,NA
747,Mitsuru Sushi & Grill,(213) 626-4046,316 E 1st St,Los Angeles,CA,90012,5.0,4,7.58
748,Atch-Kotch Japanese Restaurant,(323) 467-5537,1253 Vine St,Los Angeles,CA,90038,4.0,9,NA
749,Classic Thai Restaurant,(323) 478-0530,1708 Colorado Blvd,Los Angeles,CA,90041,4.5,14,6.28
750,Tamon,(213) 617-7839,328 E 1st St,Los Angeles,CA,90012,4.0,21,NA
751,Sky's Gourmet Tacos,(323) 932-6253,5303 W Pico Blvd,Los Angeles,CA,90019,NA,NA,NA
752,Merkato Ethiopian Restaurant & Market,(323) 935-1775,1036 S Fairfax Ave,Los Angeles,CA,90019,NA,NA,7.52
753,Gusto,(323) 782-1778,8432 W 3rd St,Los Angeles,CA,90048,NA,NA,NA
754,Wiki Poki,(213) 739-4363,3438 Wilshire Blvd,Los Angeles,CA,90010,NA,NA,NA
755,Birch,(323) 960-3369,1634 N Cahuenga Blvd,Los Angeles,CA,90028,NA,NA,NA
756,The Hamwich Shack,(323) 533-8712,1330 E Imperial Hwy,Los Angeles,CA,90059,NA,NA,NA
757,Cafe Brasil,(310) 837-8957,10831 Venice Blvd,Los Angeles,CA,90034,NA,NA,NA
758,Seoul Sausage Co.,(213) 935-8677,236 S Los Angeles St,Los Angeles,CA,90012,NA,NA,NA
759,Le Petit Paris,(213) 217-4445,418/420 South Spring Street,Los Angeles,CA,90013,NA,NA,NA
760,Arts District Brewing,(213) 519-5887,828 Traction Ave,Los Angeles,CA,90013,NA,NA,8.95
761,Amazebowls,(323) 610-2099,300 S Santa Fe Ave,Los Angeles,CA,90013,NA,NA,8.4
762,Brunch,(213) 265-7731,"718 S Los Angeles St,Ste A",Los Angeles,CA,90014,NA,NA,NA
763,Armando’s Lunch Truck,(562) 650-2951,941 W 35th St Usc Universi,Los Angeles,CA,90089,NA,NA,NA
764,Super Tortas Df,(323) 351-8379,1098 E 41st St,Los Angeles,CA,90011,NA,NA,NA
765,Anko,(213) 568-3657,400 S Western Ave,Los Angeles,CA,90020,NA,NA,7.96
766,Prism Coffee,(213) 215-8336,1032 Crenshaw Blvd,Los Angeles,CA,90019,NA,NA,6.88
767,Cancun Ole,(323) 492-9286,5219 E Beverly Blvd,Los Angeles,CA,90022,NA,NA,NA
768,Basket Burger Cafe,(323) 269-6823,1264 S Atlantic Blvd,Los Angeles,CA,90022,NA,NA,7.32
769,Grilled Fraiche,(323) 389-8888,5800 West Blvd,Los Angeles,CA,90043,NA,NA,7.06
770,Gotta Have S'more,(310) 733-4693,3606 Holdrege Ave,Los Angeles,CA,90016,NA,NA,NA
771,Bon Bon Berry Acai Bowl & Frozen Yogurt,(310) 441-5566,1848 Westwood Blvd,Los Angeles,CA,90025,4.0,1,NA
772,Renew Juicery,(310) 439-0593,12460 Washington Pl,Los Angeles,CA,90066,NA,NA,NA
773,Pitfire Artisan Pizza,(323) 544-6240,801 N Fairfax Ave,Los Angeles,CA,90046,NA,NA,NA
774,Milk,(323) 913-9911,1639 Silver Lake Blvd,Los Angeles,CA,90026,NA,NA,8.71
775,La 1st Street Taqueria,(323) 262-9787,1843 E 1st St,Los Angeles,CA,90033,NA,NA,NA
776,Bikes And Hikes L.A.,(323) 796-8555,2700 N Vermont Ave,Los Angeles,CA,90027,NA,NA,NA
777,Trois M E C,(323) 468-8915,716 Highland Ave,Los Angeles,CA,90038,NA,NA,NA
778,Hamburger Dan's 4,(323) 737-1522,3764 S Normandie Ave,Los Angeles,CA,90007,NA,NA,NA
779,Sansuitei,(213) 613-0100,313 E 1st St,Los Angeles,CA,90012,NA,NA,NA
780,My Ramen Bar,(213) 613-9888,321 1/4 E 1st St,Los Angeles,CA,90012,NA,NA,7.52
781,Riviera 31,(310) 358-3944,8555 Beverly Blvd,Los Angeles,CA,90048,4.0,24,7.79
782,Eva's Lechon & Deli,(213) 383-3179,4252 W 3rd St,Los Angeles,CA,90020,5.0,3,NA
783,Barbeque King,(323) 750-1064,5309 S Vermont Ave,Los Angeles,CA,90037,4.5,5,7.3
784,Five0Four,(323) 960-0224,6541 Hollywood Blvd Ste 102,Los Angeles,CA,90028,4.0,11,NA
785,Hong Kong BBQ Restaurant,(213) 687-7238,803 N Broadway,Los Angeles,CA,90012,4.0,41,6.98
786,Berri's Pizza Cafe,(323) 852-0642,8412 W 3rd St,Los Angeles,CA,90048,3.5,62,8.76
787,Twin Dragon,(310) 657-7355,8597 W Pico Blvd,Los Angeles,CA,90035,4.0,34,6.98
788,Chin Chin,(310) 826-2525,11740 San Vicente Blvd Ste 201,Los Angeles,CA,90049,3.5,37,6.94
789,Wacky Wok,(310) 670-0071,8919 S Sepulveda Blvd,Los Angeles,CA,90045,4.0,28,6.0
790,Brite Spot,(213) 484-9800,1918 W Sunset Blvd,Los Angeles,CA,90026,3.5,55,7.58
791,Joe's Pizza,(213) 988-8848,613 S Spring St,Los Angeles,CA,90014,4.5,7,6.05
792,Outdoor Grill,(310) 636-4745,12630 1/2 Washington Pl,Los Angeles,CA,90066,4.0,20,6.15
793,Lakeview Bistro,(213) 612-4897,404 S Figueroa St,Los Angeles,CA,90071,4.0,37,5.93
794,Hyde Sunset Kitchen & Cocktails,(323) 940-1650,8117 W Sunset Blvd,Los Angeles,CA,90046,4.0,19,7.54
795,Cheng Du Restaurant,(310) 477-4917,11538 W Pico Blvd,Los Angeles,CA,90064,4.0,23,7.93
796,Zencu Sushi & Grill,(213) 687-7780,319 E 2nd St Ste 206,Los Angeles,CA,90012,4.0,22,7.83
797,Chilli Thai,(310) 441-9443,10889 W Pico Blvd,Los Angeles,CA,90064,4.0,17,5.71
798,Cabo Cantina,(323) 822-7820,8301 W Sunset Blvd,Los Angeles,CA,90069,3.5,112,5.89
799,Meizhou Dongpo,(310) 788-0120,10250 Santa Monica Boulevard,Los Angeles,CA,90067,3.5,50,6.58
800,La Parrilla,(213) 353-4930,1300 Wilshire Blvd,Los Angeles,CA,90017,4.0,33,7.01
801,Trio House,(213) 741-0101,3101 S Figueroa St,Los Angeles,CA,90007,4.0,27,NA
802,Onkei Ramen,(310) 208-7280,10942 Weyburn Ave,Los Angeles,CA,90024,4.0,10,7.16
803,Mr Noodle,(310) 208-7808,936 Broxton Ave,Los Angeles,CA,90024,4.0,40,5.57
804,King Buffet,(323) 468-9398,1375 N Western Ave,Los Angeles,CA,90027,3.5,75,7.47
805,Dublins Irish Whiskey Pub,(213) 439-9931,815 W 7th St,Los Angeles,CA,90017,3.5,31,NA
806,BBQ Chicken LA,(213) 739-1047,3450 W 6th St Ste 102,Los Angeles,CA,90020,4.5,5,NA
807,Delphi Greek,(310) 478-2900,1383 Westwood Blvd,Los Angeles,CA,90024,4.0,31,6.11
808,Engine Co. No. 28,(213) 624-6996,644 S Figueroa St,Los Angeles,CA,90017,3.5,204,6.74
809,Spain Restaurant,(323) 928-1626,1866 Glendale Blvd,Los Angeles,CA,90026,4.0,12,5.9
810,BJ's Restaurants,(310) 209-7475,939 Broxton Ave,Los Angeles,CA,90024,4.0,37,6.05
811,Nashville Hot Chicken,(323) 929-0677,1921 N Highland Ave,Los Angeles,CA,90068,5.0,4,NA
812,Blue Ribbon Sushi Bar & Grill,(323) 352-9300,189 The Grove Dr,Los Angeles,CA,90036,4.0,87,6.26
813,Ladurée The Grove,(323) 456-0282,189 The Grove Dr,Los Angeles,CA,90036,4.0,64,7.68
814,E.A.K. Ramen,(323) 866-1866,7455 Melrose Ave,Los Angeles,CA,90046,4.5,30,6.18
815,Spice Restaurant,(323) 876-0497,2011 N Highland Ave,Los Angeles,CA,90068,4.0,65,NA
816,The Barish,(323) 769-8888,7000 Hollywood Blvd  Located Inside The Historic Hollywood Roosevelt Hotel,Los Angeles,CA,90028,4.0,4,NA
817,Shin,(323) 874-4692,1655 N La Brea Ave,Los Angeles,CA,90028,NA,NA,5.94
818,Monsieur Marcel,(323) 939-7792,6333 W 3rd St,Los Angeles,CA,90036,4.5,255,9.0
819,Veggie Grill,(323) 933-3997,110 S Fairfax Ave,Los Angeles,CA,90036,4.5,41,8.78
820,Basil Pizza Bar,(800) 430-2420,1066 S Fairfax Ave,Los Angeles,CA,90019,NA,NA,NA
821,Chao Krung Restaurant,(323) 939-8361,111 N Fairfax Ave,Los Angeles,CA,90036,4.0,31,6.77
822,Blazin' Birds,(323) 509-4192,6246 Wilshire Blvd  On Wilshire Blvd. Near Beverly Hills   And Miracle Mile,Los Angeles,CA,90048,4.5,3,NA
823,Melrose Bite (Kosher LA),(323) 951-9573,7801 Melrose Ave Ste 1A,Los Angeles,CA,90046,5.0,2,NA
824,Canter's Deli,(323) 651-2030,419 N Fairfax Ave,Los Angeles,CA,90036,4.0,799,8.76
825,Electric Owl,(323) 545-6565,1451 N Gardner St,Los Angeles,CA,90046,4.0,18,8.97
826,Open Face Food Shop,(855) 676-3223,5577 W Adams Blvd,Los Angeles,CA,90016,5.0,1,NA
827,Tal's Cafe,(323) 751-9749,2701 W Florence Ave,Los Angeles,CA,90043,3.5,4,6.28
828,Quality Food & Beverage,(323) 658-5959,8030 W 3rd St,Los Angeles,CA,90048,4.0,34,NA
829,Bacari W. 3rd,(213) 933-2327,8030 3/4 W 3rd St,Los Angeles,CA,90048,4.5,21,7.96
830,Sweetfin,(323) 934-3701,8075 W 3rd St,Los Angeles,CA,90048,5.0,1,7.53
831,Stella Coffee Beverly Hills,(323) 879-9196,6310 San Vicente Blvd,Los Angeles,CA,90048,5.0,6,NA
832,Cheebo Express,(323) 424-3454,801 N Fairfax Ave Ste 105,Los Angeles,CA,90046,NA,NA,NA
833,The Little Door,(323) 951-1210,8164 W 3rd St,Los Angeles,CA,90048,4.5,305,8.89
834,Ecco Un Poco,(310) 595-0466,8318 W 3rd St,Los Angeles,CA,90048,5.0,3,NA
835,Seoulmates,(323) 424-4863,8320 W 3rd St,Los Angeles,CA,90048,NA,NA,NA
836,Matsumoto,(323) 653-0470,8385 Beverly Blvd,Los Angeles,CA,90048,4.5,11,7.56
837,Beverly Hills Juice,(323) 655-8300,8382 Beverly Blvd,Los Angeles,CA,90048,5.0,2,8.13
838,Wokcano Crescent,(323) 450-9037,8000 W Sunset Blvd,Los Angeles,CA,90046,4.0,31,6.56
839,Toca Madera,(323) 852-9400,8450 W 3rd St,Los Angeles,CA,90048,4.0,116,NA
840,Sushi Koo,(323) 653-3959,8474 W 3rd St,Los Angeles,CA,90048,4.5,4,6.61
